Run,Step,InCave,InMarket,InTown,Update,CurrentState
1,0,0,0,0,toMarket,0
1,1,0,0,0,toMarket,0
1,2,0,1,0,toMarket,1
1,3,0,1,1,toMarket,4
1,4,0,1,0,toMarket,5
1,5,1,0,0,toCave,6
1,6,1,0,0,toCave,7
1,7,1,0,0,toCave,2
1,8,1,0,0,toCave,2
1,9,0,0,0,toCave,2
1,10,1,0,0,toCave,2
1,11,1,0,0,toCave,2
1,12,1,0,0,toCave,2
1,13,1,0,0,toCave,2
1,14,1,0,0,toCave,2
2,0,0,0,0,toMarket,0
2,1,0,0,0,toMarket,0
2,2,0,0,0,toMarket,1
2,3,0,0,0,toTown,3
2,4,0,1,1,toMarket,3
2,5,0,0,0,toMarket,5
2,6,0,0,0,toCave,6
2,7,1,0,0,toCave,2
2,8,0,0,0,toCave,2
2,9,1,0,0,toCave,2
2,10,1,0,0,toCave,2
2,11,1,0,0,toCave,2
2,12,1,0,0,toCave,2
2,13,1,0,0,toCave,2
2,14,1,0,0,toCave,2
3,0,0,0,0,toMarket,0
3,1,0,0,0,toMarket,0
3,2,0,1,0,toMarket,1
3,3,0,1,0,toMarket,4
3,4,0,1,1,toTown,4
3,5,0,1,0,toTown,5
3,6,0,1,1,toCave,6
3,7,1,1,0,toCave,2
3,8,1,0,0,toCave,2
3,9,1,0,0,toCave,2
3,10,1,0,0,toCave,2
3,11,1,0,0,toCave,2
3,12,1,0,0,toCave,2
3,13,0,0,0,toCave,2
3,14,1,0,0,toCave,2
4,0,0,0,0,toMarket,0
4,1,0,0,0,toMarket,0
4,2,0,1,0,toMarket,1
4,3,0,1,1,toMarket,4
4,4,0,0,0,toMarket,5
4,5,1,1,0,toCave,6
4,6,1,0,0,toCave,7
4,7,1,0,0,toCave,2
4,8,1,0,0,toCave,2
4,9,1,0,0,toCave,2
4,10,1,0,0,toCave,2
4,11,0,0,0,toCave,2
4,12,1,0,0,toCave,2
4,13,1,0,0,toCave,2
4,14,0,0,0,toCave,2
4,0,0,0,0,toMarket,0
5,1,0,0,0,toMarket,0
5,2,0,1,1,toMarket,1
5,3,0,1,0,toMarket,5
5,4,0,1,1,toCave,6
5,5,0,1,1,toCave,2
5,6,1,1,1,toCave,2
5,7,1,1,1,toCave,2
5,8,1,0,0,toCave,2
5,9,1,0,0,toCave,2
5,10,1,0,0,toCave,2
5,11,1,0,0,toCave,2
5,12,1,0,0,toCave,2
5,13,1,0,0,toCave,2
5,14,0,0,0,toCave,2
6,0,0,0,0,toMarket,0
6,1,0,0,0,toMarket,0
6,2,0,1,0,toMarket,1
6,3,0,1,1,toMarket,4
6,4,0,1,1,toMarket,5
6,5,1,0,0,toCave,6
6,6,1,0,0,toCave,7
6,7,1,0,0,toCave,2
6,8,1,0,0,toCave,2
6,9,1,0,0,toCave,2
6,10,1,0,0,toCave,2
6,11,1,0,0,toCave,2
6,12,1,0,0,toCave,2
6,13,1,0,0,toCave,2
6,14,1,0,0,toCave,2
7,0,0,0,0,toMarket,0
7,1,0,0,0,toMarket,0
7,2,0,1,1,toMarket,1
7,3,0,1,0,toMarket,5
7,4,0,1,0,toCave,6
7,5,0,1,0,toCave,2
7,6,0,1,0,toCave,2
7,7,0,0,0,toCave,2
7,8,1,0,0,toCave,2
7,9,1,0,0,toCave,2
7,10,1,0,0,toCave,2
7,11,1,0,0,toCave,2
7,12,1,0,0,toCave,2
7,13,0,0,0,toCave,2
7,14,0,0,0,toCave,2
8,0,0,0,0,toMarket,0
8,1,0,0,0,toMarket,0
8,2,0,1,0,toMarket,1
8,3,0,1,1,toMarket,4
8,4,0,1,1,toMarket,5
8,5,0,0,0,toCave,6
8,6,1,0,0,toCave,2
8,7,0,0,0,toCave,2
8,8,0,0,0,toCave,2
8,9,0,0,0,toCave,2
8,10,0,0,0,toCave,2
8,11,1,0,0,toCave,2
8,12,0,0,0,toCave,2
8,13,0,0,0,toCave,2
8,14,1,0,0,toCave,2
9,0,0,0,0,toMarket,0
9,1,0,0,0,toMarket,0
9,2,0,1,1,toMarket,1
9,3,0,0,0,toMarket,5
9,4,1,0,0,toCave,6
9,5,1,0,0,toCave,7
9,6,1,0,0,toCave,2
9,7,0,0,0,toCave,2
9,8,1,0,0,toCave,2
9,9,1,0,0,toCave,2
9,10,1,0,0,toCave,2
9,11,1,0,0,toCave,2
9,12,1,0,0,toCave,2
9,13,1,0,0,toCave,2
9,14,1,0,0,toCave,2
10,0,0,0,0,toMarket,0
10,1,0,0,0,toMarket,0
10,2,0,1,1,toMarket,1
10,3,0,1,1,toMarket,5
10,4,0,1,1,toCave,6
10,5,0,1,0,toCave,2
10,6,0,1,1,toCave,2
10,7,1,0,0,toCave,2
10,8,1,0,0,toCave,2
10,9,1,0,0,toCave,2
10,10,1,0,0,toCave,2
10,11,1,0,0,toCave,2
10,12,1,0,0,toCave,2
10,13,1,0,0,toCave,2
10,14,1,0,0,toCave,2
11,0,0,0,0,toMarket,0
11,1,0,0,0,toMarket,0
11,2,0,0,0,toMarket,1
11,3,0,1,1,toTown,3
11,4,0,1,0,toTown,5
11,5,0,1,1,toCave,6
11,6,0,1,1,toCave,2
11,7,1,1,0,toCave,2
11,8,0,0,0,toCave,2
11,9,0,0,0,toCave,2
11,10,0,0,0,toCave,2
11,11,1,0,0,toCave,2
11,12,1,0,0,toCave,2
11,13,1,0,0,toCave,2
11,14,1,0,0,toCave,2
12,0,0,0,0,toMarket,0
12,1,0,0,0,toMarket,0
12,2,0,1,1,toMarket,1
12,3,0,0,0,toMarket,5
12,4,1,0,0,toCave,6
12,5,0,0,0,toCave,7
12,6,0,0,0,toTown,7
12,7,0,0,0,toTown,7
12,8,0,0,1,toTown,7
12,9,0,0,1,toTown,8
12,10,0,1,1,toMarket,8
12,11,0,0,0,toMarket,5
12,12,0,0,0,toCave,6
12,13,1,0,0,toCave,2
12,14,1,0,0,toCave,2
13,0,0,0,0,toMarket,0
13,1,0,0,0,toMarket,0
13,2,0,1,1,toMarket,1
13,3,0,1,0,toMarket,5
13,4,0,1,1,toCave,6
13,5,1,0,0,toCave,2
13,6,1,0,0,toCave,2
13,7,1,0,0,toCave,2
13,8,1,0,0,toCave,2
13,9,1,0,0,toCave,2
13,10,1,0,0,toCave,2
13,11,0,0,0,toCave,2
13,12,1,0,0,toCave,2
13,13,1,0,0,toCave,2
13,14,1,0,0,toCave,2
14,0,0,0,0,toMarket,0
14,1,0,0,0,toMarket,0
14,2,0,1,0,toMarket,1
14,3,0,0,0,toMarket,4
14,4,0,0,1,toTown,4
14,5,0,1,1,toTown,5
14,6,0,1,1,toCave,6
14,7,0,0,1,toCave,2
14,8,1,0,1,toCave,2
14,9,1,0,0,toCave,2
14,10,1,0,0,toCave,2
14,11,1,0,0,toCave,2
14,12,1,0,0,toCave,2
14,13,1,0,0,toCave,2
14,14,1,0,0,toCave,2
15,0,0,0,0,toMarket,0
15,1,0,0,0,toMarket,0
15,2,0,1,1,toMarket,1
15,3,0,1,1,toMarket,5
15,4,0,0,0,toCave,6
15,5,0,1,1,toCave,2
15,6,0,0,0,toCave,2
15,7,1,0,0,toCave,2
15,8,1,0,0,toCave,2
15,9,1,0,0,toCave,2
15,10,0,0,0,toCave,2
15,11,0,0,0,toCave,2
15,12,0,0,0,toCave,2
15,13,0,0,0,toCave,2
15,14,1,0,0,toCave,2
15,0,0,0,0,toMarket,0
16,1,0,0,0,toMarket,0
16,2,0,0,0,toMarket,1
16,3,0,0,0,toTown,3
16,4,0,1,1,toMarket,3
16,5,0,1,1,toMarket,5
16,6,0,1,1,toCave,6
16,7,0,1,1,toCave,2
16,8,1,1,0,toCave,2
16,9,1,0,0,toCave,2
16,10,1,0,0,toCave,2
16,11,0,0,0,toCave,2
16,12,0,0,0,toCave,2
16,13,1,0,0,toCave,2
16,14,1,0,0,toCave,2
17,0,0,0,0,toMarket,0
17,1,0,0,0,toMarket,0
17,2,0,1,0,toMarket,1
17,3,0,0,0,toMarket,4
17,4,0,0,0,toTown,4
17,5,0,0,0,toTown,4
17,6,0,0,0,toTown,4
17,7,0,1,1,toTown,4
17,8,0,1,1,toTown,5
17,9,0,0,1,toCave,6
17,10,0,0,0,toCave,2
17,11,1,0,0,toCave,2
17,12,1,0,0,toCave,2
17,13,1,0,0,toCave,2
17,14,1,0,0,toCave,2
17,0,0,0,0,toMarket,0
18,1,0,0,0,toMarket,0
18,2,0,0,0,toMarket,1
18,3,0,0,0,toTown,3
18,4,0,1,0,toMarket,3
18,5,0,1,1,toMarket,4
18,6,0,1,1,toMarket,5
18,7,0,1,1,toCave,6
18,8,0,0,0,toCave,2
18,9,1,0,0,toCave,2
18,10,1,0,0,toCave,2
18,11,1,0,0,toCave,2
18,12,0,0,0,toCave,2
18,13,1,0,0,toCave,2
18,14,1,0,0,toCave,2
19,0,0,0,0,toMarket,0
19,1,0,0,0,toMarket,0
19,2,0,1,0,toMarket,1
19,3,0,1,1,toMarket,4
19,4,0,1,1,toMarket,5
19,5,1,1,1,toCave,6
19,6,1,0,0,toCave,7
19,7,1,0,0,toCave,2
19,8,1,0,0,toCave,2
19,9,1,0,0,toCave,2
19,10,1,0,0,toCave,2
19,11,0,0,0,toCave,2
19,12,1,0,0,toCave,2
19,13,1,0,0,toCave,2
19,14,1,0,0,toCave,2
20,0,0,0,0,toMarket,0
20,1,0,0,0,toMarket,0
20,2,0,1,1,toMarket,1
20,3,0,0,0,toMarket,5
20,4,0,0,0,toCave,6
20,5,1,0,0,toCave,2
20,6,1,0,0,toCave,2
20,7,1,0,0,toCave,2
20,8,1,0,0,toCave,2
20,9,1,0,0,toCave,2
20,10,1,0,0,toCave,2
20,11,1,0,0,toCave,2
20,12,1,0,0,toCave,2
20,13,0,0,0,toCave,2
20,14,0,0,0,toCave,2
21,0,0,0,0,toMarket,0
21,1,0,0,0,toMarket,0
21,2,0,1,0,toMarket,1
21,3,0,1,0,toMarket,4
21,4,0,1,0,toTown,4
21,5,0,0,0,toTown,4
21,6,0,0,0,toTown,4
21,7,0,0,0,toTown,4
21,8,0,0,0,toTown,4
21,9,1,0,0,toTown,4
21,10,0,0,0,toTown,2
21,11,0,0,0,toTown,2
21,12,0,0,1,toTown,2
21,13,0,0,1,toTown,2
21,14,0,0,0,toTown,2
22,0,0,0,0,toMarket,0
22,1,0,0,0,toMarket,0
22,2,0,1,1,toMarket,1
22,3,0,1,0,toMarket,5
22,4,0,0,0,toCave,6
22,5,1,0,0,toCave,2
22,6,1,0,0,toCave,2
22,7,0,0,0,toCave,2
22,8,1,0,0,toCave,2
22,9,0,0,0,toCave,2
22,10,0,0,0,toCave,2
22,11,0,0,0,toCave,2
22,12,0,0,0,toCave,2
22,13,1,0,0,toCave,2
22,14,1,0,0,toCave,2
23,0,0,0,0,toMarket,0
23,1,0,0,0,toMarket,0
23,2,0,0,1,toMarket,1
23,3,0,0,1,toMarket,8
23,4,0,1,1,toMarket,8
23,5,0,0,0,toMarket,5
23,6,0,0,1,toCave,6
23,7,1,0,0,toCave,2
23,8,1,0,0,toCave,2
23,9,1,0,0,toCave,2
23,10,0,0,0,toCave,2
23,11,1,0,0,toCave,2
23,12,1,0,0,toCave,2
23,13,1,0,0,toCave,2
23,14,0,0,0,toCave,2
24,0,0,0,0,toMarket,0
24,1,0,0,0,toMarket,0
24,2,0,1,1,toMarket,1
24,3,0,0,0,toMarket,5
24,4,0,0,0,toCave,6
24,5,1,0,0,toCave,2
24,6,1,0,0,toCave,2
24,7,1,0,0,toCave,2
24,8,1,0,0,toCave,2
24,9,1,0,0,toCave,2
24,10,1,0,0,toCave,2
24,11,1,0,0,toCave,2
24,12,1,0,0,toCave,2
24,13,1,0,0,toCave,2
24,14,1,0,0,toCave,2
25,0,0,0,0,toMarket,0
25,1,0,0,0,toMarket,0
25,2,0,1,1,toMarket,1
25,3,0,1,1,toMarket,5
25,4,0,1,0,toCave,6
25,5,1,0,0,toCave,2
25,6,1,0,0,toCave,2
25,7,1,0,0,toCave,2
25,8,1,0,0,toCave,2
25,9,1,0,0,toCave,2
25,10,1,0,0,toCave,2
25,11,1,0,0,toCave,2
25,12,1,0,0,toCave,2
25,13,0,0,0,toCave,2
25,14,1,0,0,toCave,2
25,0,0,0,0,toMarket,0
26,1,0,0,0,toMarket,0
26,2,0,0,0,toMarket,1
26,3,1,1,0,toTown,3
26,4,0,0,0,toTown,2
26,5,1,0,0,toTown,2
26,6,0,1,1,toTown,2
26,7,0,1,1,toTown,2
26,8,0,1,1,toTown,2
26,9,0,1,1,toTown,2
26,10,0,1,1,toTown,2
26,11,0,1,0,toTown,2
26,12,0,1,1,toTown,2
26,13,0,1,1,toTown,2
26,14,0,1,1,toTown,2
27,0,0,0,0,toMarket,0
27,1,0,0,0,toMarket,0
27,2,0,1,1,toMarket,1
27,3,0,1,1,toMarket,5
27,4,0,1,1,toCave,6
27,5,1,1,0,toCave,2
27,6,0,1,1,toCave,2
27,7,1,1,1,toCave,2
27,8,1,0,0,toCave,2
27,9,1,0,0,toCave,2
27,10,1,0,0,toCave,2
27,11,1,0,0,toCave,2
27,12,1,0,0,toCave,2
27,13,1,0,0,toCave,2
27,14,0,0,0,toCave,2
28,0,0,0,0,toMarket,0
28,1,0,0,0,toMarket,0
28,2,0,0,1,toMarket,1
28,3,0,0,1,toMarket,8
28,4,0,0,0,toMarket,8
28,5,0,0,0,toMarket,8
28,6,0,0,1,toMarket,8
28,7,0,0,0,toMarket,8
28,8,0,0,1,toMarket,8
28,9,0,1,1,toMarket,8
28,10,0,1,1,toMarket,5
28,11,1,0,0,toCave,6
28,12,1,0,0,toCave,7
28,13,1,0,0,toCave,2
28,14,1,0,0,toCave,2
29,0,0,0,0,toMarket,0
29,1,0,0,0,toMarket,0
29,2,0,1,1,toMarket,1
29,3,0,1,1,toMarket,5
29,4,0,0,1,toCave,6
29,5,0,1,1,toCave,2
29,6,0,0,0,toCave,2
29,7,0,0,0,toCave,2
29,8,0,0,0,toCave,2
29,9,0,0,0,toCave,2
29,10,0,0,0,toCave,2
29,11,0,0,0,toCave,2
29,12,1,0,0,toCave,2
29,13,1,0,0,toCave,2
29,14,1,0,0,toCave,2
30,0,0,0,0,toMarket,0
30,1,0,0,0,toMarket,0
30,2,0,1,0,toMarket,1
30,3,0,1,1,toMarket,4
30,4,0,1,1,toMarket,5
30,5,0,1,1,toCave,6
30,6,0,1,1,toCave,2
30,7,1,1,1,toCave,2
30,8,0,1,1,toCave,2
30,9,1,0,0,toCave,2
30,10,1,0,0,toCave,2
30,11,1,0,0,toCave,2
30,12,1,0,0,toCave,2
30,13,1,0,0,toCave,2
30,14,0,0,0,toCave,2
31,0,0,0,0,toMarket,0
31,1,0,0,0,toMarket,0
31,2,0,1,1,toMarket,1
31,3,0,1,1,toMarket,5
31,4,0,1,1,toCave,6
31,5,0,0,0,toCave,2
31,6,0,1,1,toCave,2
31,7,0,1,1,toCave,2
31,8,0,1,1,toCave,2
31,9,0,1,1,toCave,2
31,10,1,1,1,toCave,2
31,11,1,1,1,toCave,2
31,12,0,1,1,toCave,2
31,13,0,0,0,toCave,2
31,14,0,0,0,toCave,2
32,0,0,0,0,toMarket,0
32,1,0,0,0,toMarket,0
32,2,1,1,0,toMarket,1
32,3,0,1,1,toMarket,2
32,4,0,1,1,toMarket,2
32,5,1,1,1,toMarket,2
32,6,0,1,1,toMarket,2
32,7,0,1,1,toMarket,2
32,8,0,1,1,toMarket,2
32,9,0,1,1,toMarket,2
32,10,0,1,1,toMarket,2
32,11,0,0,1,toMarket,2
32,12,0,1,1,toMarket,2
32,13,0,1,1,toMarket,2
32,14,0,0,1,toMarket,2
32,0,0,0,0,toMarket,0
33,1,0,0,0,toMarket,0
33,2,0,1,1,toMarket,1
33,3,0,1,0,toMarket,5
33,4,0,0,0,toCave,6
33,5,1,0,0,toCave,2
33,6,1,0,0,toCave,2
33,7,0,0,0,toCave,2
33,8,1,0,0,toCave,2
33,9,1,0,0,toCave,2
33,10,1,0,0,toCave,2
33,11,1,0,0,toCave,2
33,12,1,0,0,toCave,2
33,13,1,0,0,toCave,2
33,14,0,0,0,toCave,2
34,0,0,0,0,toMarket,0
34,1,0,0,0,toMarket,0
34,2,0,0,0,toMarket,1
34,3,0,0,1,toTown,3
34,4,0,0,0,toTown,8
34,5,0,0,0,toMarket,8
34,6,0,1,1,toMarket,8
34,7,0,1,1,toMarket,5
34,8,1,0,0,toCave,6
34,9,0,0,1,toCave,7
34,10,0,1,1,toCave,8
34,11,1,1,1,toCave,5
34,12,1,0,0,toCave,5
34,13,1,0,0,toCave,2
34,14,1,0,0,toCave,2
35,0,0,0,0,toMarket,0
35,1,0,0,0,toMarket,0
35,2,0,1,1,toMarket,1
35,3,0,1,1,toMarket,5
35,4,0,1,1,toCave,6
35,5,1,1,1,toCave,2
35,6,1,0,0,toCave,2
35,7,0,0,0,toCave,2
35,8,1,0,0,toCave,2
35,9,0,0,0,toCave,2
35,10,1,0,1,toCave,2
35,11,1,0,0,toCave,2
35,12,1,0,0,toCave,2
35,13,1,0,0,toCave,2
35,14,1,0,0,toCave,2
36,0,0,0,0,toMarket,0
36,1,0,0,0,toMarket,0
36,2,0,1,1,toMarket,1
36,3,0,1,1,toMarket,5
36,4,0,0,0,toCave,6
36,5,0,0,0,toCave,2
36,6,1,0,0,toCave,2
36,7,1,0,0,toCave,2
36,8,0,0,0,toCave,2
36,9,1,0,0,toCave,2
36,10,1,0,0,toCave,2
36,11,1,0,0,toCave,2
36,12,1,0,0,toCave,2
36,13,1,0,0,toCave,2
36,14,1,0,0,toCave,2
37,0,0,0,0,toMarket,0
37,1,0,0,0,toMarket,0
37,2,0,1,1,toMarket,1
37,3,0,1,1,toMarket,5
37,4,1,0,0,toCave,6
37,5,1,0,0,toCave,7
37,6,1,0,0,toCave,2
37,7,0,0,0,toCave,2
37,8,1,0,0,toCave,2
37,9,1,0,0,toCave,2
37,10,1,0,0,toCave,2
37,11,1,0,0,toCave,2
37,12,1,0,0,toCave,2
37,13,1,0,0,toCave,2
37,14,1,0,0,toCave,2
38,0,0,0,0,toMarket,0
38,1,0,0,0,toMarket,0
38,2,0,0,0,toMarket,1
38,3,0,0,0,toTown,3
38,4,0,0,0,toMarket,3
38,5,0,0,1,toMarket,3
38,6,0,0,1,toMarket,8
38,7,0,0,0,toMarket,8
38,8,0,1,1,toMarket,8
38,9,0,1,1,toMarket,5
38,10,1,0,0,toCave,6
38,11,1,0,0,toCave,7
38,12,0,0,0,toCave,2
38,13,0,0,0,toCave,2
38,14,0,0,0,toCave,2
39,0,0,0,0,toMarket,0
39,1,0,0,0,toMarket,0
39,2,0,1,1,toMarket,1
39,3,0,0,0,toMarket,5
39,4,1,0,0,toCave,6
39,5,0,0,0,toCave,7
39,6,0,1,1,toTown,7
39,7,0,1,1,toTown,5
39,8,1,1,1,toCave,6
39,9,1,0,0,toCave,7
39,10,1,0,0,toCave,2
39,11,1,0,0,toCave,2
39,12,1,0,0,toCave,2
39,13,1,0,0,toCave,2
39,14,1,0,0,toCave,2
40,0,0,0,0,toMarket,0
40,1,0,0,0,toMarket,0
40,2,0,1,1,toMarket,1
40,3,0,1,1,toMarket,5
40,4,1,1,0,toCave,6
40,5,1,0,0,toCave,7
40,6,1,0,0,toCave,2
40,7,1,0,0,toCave,2
40,8,1,0,0,toCave,2
40,9,1,0,0,toCave,2
40,10,1,0,0,toCave,2
40,11,1,0,0,toCave,2
40,12,1,0,0,toCave,2
40,13,0,0,0,toCave,2
40,14,0,0,0,toCave,2
41,0,0,0,0,toMarket,0
41,1,0,0,0,toMarket,0
41,2,0,0,0,toMarket,1
41,3,0,1,1,toTown,3
41,4,0,0,0,toTown,5
41,5,0,0,0,toCave,6
41,6,0,0,0,toCave,2
41,7,1,0,0,toCave,2
41,8,1,0,0,toCave,2
41,9,1,0,0,toCave,2
41,10,1,0,0,toCave,2
41,11,1,0,0,toCave,2
41,12,1,0,0,toCave,2
41,13,1,0,0,toCave,2
41,14,1,0,0,toCave,2
42,0,0,0,0,toMarket,0
42,1,0,0,0,toMarket,0
42,2,0,1,1,toMarket,1
42,3,0,1,0,toMarket,5
42,4,0,0,0,toCave,6
42,5,1,0,0,toCave,2
42,6,1,0,0,toCave,2
42,7,1,0,0,toCave,2
42,8,1,0,0,toCave,2
42,9,1,0,0,toCave,2
42,10,1,0,0,toCave,2
42,11,1,0,0,toCave,2
42,12,1,0,0,toCave,2
42,13,0,0,0,toCave,2
42,14,1,0,0,toCave,2
43,0,0,0,0,toMarket,0
43,1,0,0,0,toMarket,0
43,2,0,1,1,toMarket,1
43,3,0,0,1,toMarket,5
43,4,0,0,0,toCave,6
43,5,1,0,0,toCave,2
43,6,1,0,0,toCave,2
43,7,1,0,0,toCave,2
43,8,1,0,0,toCave,2
43,9,0,0,0,toCave,2
43,10,1,0,0,toCave,2
43,11,1,0,0,toCave,2
43,12,1,0,0,toCave,2
43,13,1,0,0,toCave,2
43,14,0,0,0,toCave,2
44,0,0,0,0,toMarket,0
44,1,0,0,0,toMarket,0
44,2,0,1,1,toMarket,1
44,3,0,1,1,toMarket,5
44,4,0,1,1,toCave,6
44,5,0,0,0,toCave,2
44,6,0,1,1,toCave,2
44,7,0,1,1,toCave,2
44,8,1,1,1,toCave,2
44,9,1,0,0,toCave,2
44,10,1,0,0,toCave,2
44,11,1,0,0,toCave,2
44,12,1,0,0,toCave,2
44,13,1,0,0,toCave,2
44,14,0,0,0,toCave,2
45,0,0,0,0,toMarket,0
45,1,0,0,0,toMarket,0
45,2,0,1,0,toMarket,1
45,3,0,1,1,toMarket,4
45,4,0,1,1,toMarket,5
45,5,0,1,0,toCave,6
45,6,0,1,1,toCave,2
45,7,0,1,1,toCave,2
45,8,0,1,0,toCave,2
45,9,0,0,0,toCave,2
45,10,1,0,0,toCave,2
45,11,1,0,0,toCave,2
45,12,1,0,0,toCave,2
45,13,1,0,0,toCave,2
45,14,1,0,0,toCave,2
46,0,0,0,0,toMarket,0
46,1,0,0,0,toMarket,0
46,2,0,0,0,toMarket,1
46,3,0,0,1,toTown,3
46,4,0,0,1,toTown,8
46,5,0,0,1,toMarket,8
46,6,0,0,0,toMarket,8
46,7,0,0,0,toMarket,8
46,8,0,0,0,toMarket,8
46,9,0,0,0,toMarket,8
46,10,0,1,1,toMarket,8
46,11,0,0,1,toMarket,5
46,12,0,1,1,toCave,6
46,13,1,0,0,toCave,2
46,14,0,0,0,toCave,2
47,0,0,0,0,toMarket,0
47,1,0,0,0,toMarket,0
47,2,0,1,1,toMarket,1
47,3,0,0,0,toMarket,5
47,4,1,0,0,toCave,6
47,5,1,0,0,toCave,7
47,6,1,0,0,toCave,2
47,7,1,0,0,toCave,2
47,8,1,0,0,toCave,2
47,9,1,0,0,toCave,2
47,10,1,0,0,toCave,2
47,11,0,0,0,toCave,2
47,12,1,0,0,toCave,2
47,13,1,0,0,toCave,2
47,14,1,0,0,toCave,2
48,0,0,0,0,toMarket,0
48,1,0,0,0,toMarket,0
48,2,0,0,0,toMarket,1
48,3,0,0,1,toTown,3
48,4,0,0,1,toTown,8
48,5,0,0,1,toMarket,8
48,6,0,0,0,toMarket,8
48,7,0,0,0,toMarket,8
48,8,0,0,0,toMarket,8
48,9,0,0,0,toMarket,8
48,10,0,0,0,toMarket,8
48,11,0,1,1,toMarket,8
48,12,0,1,1,toMarket,5
48,13,1,0,1,toCave,6
48,14,0,0,0,toCave,8
49,0,0,0,0,toMarket,0
49,1,0,0,0,toMarket,0
49,2,0,1,1,toMarket,1
49,3,0,1,1,toMarket,5
49,4,0,1,1,toCave,6
49,5,0,1,1,toCave,2
49,6,0,1,1,toCave,2
49,7,1,0,0,toCave,2
49,8,1,0,0,toCave,2
49,9,1,0,0,toCave,2
49,10,1,0,0,toCave,2
49,11,1,0,0,toCave,2
49,12,1,0,0,toCave,2
49,13,1,0,0,toCave,2
49,14,0,0,0,toCave,2
50,0,0,0,0,toMarket,0
50,1,0,0,0,toMarket,0
50,2,0,0,0,toMarket,1
50,3,0,0,0,toTown,3
50,4,0,0,0,toMarket,3
50,5,0,0,0,toMarket,3
50,6,0,1,1,toMarket,3
50,7,0,0,1,toMarket,5
50,8,1,0,0,toCave,6
50,9,1,0,0,toCave,7
50,10,1,0,0,toCave,2
50,11,1,0,0,toCave,2
50,12,1,0,0,toCave,2
50,13,1,0,0,toCave,2
50,14,1,0,0,toCave,2
51,0,0,0,0,toMarket,0
51,1,0,0,0,toMarket,0
51,2,0,0,0,toMarket,1
51,3,0,0,1,toTown,3
51,4,0,0,1,toTown,8
51,5,0,0,0,toMarket,8
51,6,0,0,0,toMarket,8
51,7,0,1,1,toMarket,8
51,8,0,1,1,toMarket,5
51,9,1,1,0,toCave,6
51,10,1,0,0,toCave,7
51,11,1,0,0,toCave,2
51,12,1,0,0,toCave,2
51,13,1,0,0,toCave,2
51,14,1,0,0,toCave,2
52,0,0,0,0,toMarket,0
52,1,0,0,0,toMarket,0
52,2,0,1,0,toMarket,1
52,3,0,1,1,toMarket,4
52,4,0,1,1,toMarket,5
52,5,0,0,0,toCave,6
52,6,1,0,0,toCave,2
52,7,0,0,0,toCave,2
52,8,0,0,1,toCave,2
52,9,1,0,0,toCave,2
52,10,1,0,0,toCave,2
52,11,1,0,0,toCave,2
52,12,1,0,0,toCave,2
52,13,1,0,0,toCave,2
52,14,0,0,0,toCave,2
53,0,0,0,0,toMarket,0
53,1,0,0,0,toMarket,0
53,2,0,1,1,toMarket,1
53,3,0,1,1,toMarket,5
53,4,1,0,0,toCave,6
53,5,0,0,0,toCave,7
53,6,0,0,0,toTown,7
53,7,1,0,0,toTown,7
53,8,0,0,1,toTown,2
53,9,0,0,0,toTown,2
53,10,0,0,0,toTown,2
53,11,0,0,0,toTown,2
53,12,0,0,1,toTown,2
53,13,0,1,1,toTown,2
53,14,0,1,1,toTown,2
54,0,0,0,0,toMarket,0
54,1,0,0,0,toMarket,0
54,2,0,0,0,toMarket,1
54,3,0,0,1,toTown,3
54,4,0,0,0,toTown,8
54,5,0,0,0,toMarket,8
54,6,0,1,1,toMarket,8
54,7,0,0,0,toMarket,5
54,8,1,0,0,toCave,6
54,9,1,1,0,toCave,7
54,10,1,0,0,toCave,2
54,11,1,0,0,toCave,2
54,12,1,0,0,toCave,2
54,13,0,0,0,toCave,2
54,14,1,0,0,toCave,2
55,0,0,0,0,toMarket,0
55,1,0,0,0,toMarket,0
55,2,0,1,1,toMarket,1
55,3,0,1,1,toMarket,5
55,4,0,1,1,toCave,6
55,5,0,1,1,toCave,2
55,6,0,1,1,toCave,2
55,7,0,1,1,toCave,2
55,8,0,0,0,toCave,2
55,9,1,1,0,toCave,2
55,10,1,0,0,toCave,2
55,11,1,0,0,toCave,2
55,12,1,0,0,toCave,2
55,13,1,0,0,toCave,2
55,14,1,0,0,toCave,2
56,0,0,0,0,toMarket,0
56,1,0,0,0,toMarket,0
56,2,0,1,1,toMarket,1
56,3,0,1,1,toMarket,5
56,4,1,0,0,toCave,6
56,5,0,0,0,toCave,7
56,6,0,0,1,toTown,7
56,7,1,0,0,toTown,8
56,8,1,0,0,toTown,2
56,9,1,0,0,toTown,2
56,10,1,0,0,toTown,2
56,11,0,0,0,toTown,2
56,12,0,0,0,toTown,2
56,13,0,0,0,toTown,2
56,14,0,0,1,toTown,2
57,0,0,0,0,toMarket,0
57,1,0,0,0,toMarket,0
57,2,0,1,0,toMarket,1
57,3,0,1,0,toMarket,4
57,4,0,0,0,toTown,4
57,5,0,0,0,toTown,4
57,6,0,0,0,toTown,4
57,7,0,1,1,toTown,4
57,8,0,0,1,toTown,5
57,9,0,0,1,toCave,6
57,10,0,0,0,toCave,2
57,11,0,0,0,toCave,2
57,12,0,0,0,toCave,2
57,13,0,0,0,toCave,2
57,14,1,0,0,toCave,2
58,0,0,0,0,toMarket,0
58,1,0,0,0,toMarket,0
58,2,0,0,1,toMarket,1
58,3,0,1,1,toMarket,8
58,4,0,1,1,toMarket,5
58,5,0,1,1,toCave,6
58,6,0,0,0,toCave,2
58,7,0,0,0,toCave,2
58,8,1,0,0,toCave,2
58,9,0,0,0,toCave,2
58,10,1,0,0,toCave,2
58,11,1,0,0,toCave,2
58,12,1,0,0,toCave,2
58,13,1,0,0,toCave,2
58,14,1,0,0,toCave,2
59,0,0,0,0,toMarket,0
59,1,0,0,0,toMarket,0
59,2,0,0,0,toMarket,1
59,3,0,0,1,toTown,3
59,4,0,0,1,toTown,8
59,5,0,0,1,toMarket,8
59,6,0,0,1,toMarket,8
59,7,0,0,0,toMarket,8
59,8,1,1,1,toMarket,8
59,9,1,1,0,toMarket,8
59,10,0,1,1,toMarket,2
59,11,1,1,0,toMarket,2
59,12,1,0,0,toMarket,2
59,13,0,0,0,toMarket,2
59,14,0,0,1,toMarket,2
60,0,0,0,0,toMarket,0
60,1,0,0,0,toMarket,0
60,2,0,0,0,toMarket,1
60,3,0,0,1,toTown,3
60,4,0,0,1,toTown,8
60,5,0,0,1,toMarket,8
60,6,0,0,0,toMarket,8
60,7,0,0,0,toMarket,8
60,8,0,0,0,toMarket,8
60,9,0,0,0,toMarket,8
60,10,0,0,0,toMarket,8
60,11,0,1,0,toMarket,8
60,12,0,1,0,toMarket,5
60,13,0,0,0,toCave,6
60,14,1,0,0,toCave,2
61,0,0,0,0,toMarket,0
61,1,0,0,0,toMarket,0
61,2,0,0,0,toMarket,1
61,3,0,0,1,toTown,3
61,4,0,0,1,toTown,8
61,5,0,0,0,toMarket,8
61,6,0,1,0,toMarket,8
61,7,0,1,1,toMarket,5
61,8,0,0,0,toCave,6
61,9,0,0,0,toCave,2
61,10,1,0,0,toCave,2
61,11,1,0,0,toCave,2
61,12,0,0,0,toCave,2
61,0,0,0,0,toMarket,0
61,1,1,0,0,toMarket,0
61,13,1,0,0,toMarket,7
61,2,0,1,1,toMarket,2
61,14,0,1,1,toMarket,2
61,3,0,0,1,toMarket,2
62,0,0,0,0,toMarket,0
62,1,0,0,0,toMarket,0
62,2,0,1,0,toMarket,1
62,3,0,1,1,toMarket,4
62,4,0,1,1,toMarket,5
62,5,1,0,0,toCave,6
62,6,1,0,0,toCave,7
62,7,1,0,0,toCave,2
62,8,1,0,0,toCave,2
62,9,1,0,0,toCave,2
62,10,1,0,0,toCave,2
62,11,0,0,0,toCave,2
62,12,1,0,0,toCave,2
62,13,0,0,0,toCave,2
62,14,0,0,0,toCave,2
63,0,0,0,0,toMarket,0
63,1,0,0,0,toMarket,0
63,2,0,1,1,toMarket,1
63,3,0,1,1,toMarket,5
63,4,0,0,0,toCave,6
63,5,0,1,1,toCave,2
63,6,1,1,1,toCave,2
63,7,1,0,0,toCave,2
63,8,1,0,0,toCave,2
63,9,1,0,0,toCave,2
63,10,1,0,0,toCave,2
63,11,1,0,0,toCave,2
63,12,1,0,0,toCave,2
63,13,1,0,0,toCave,2
63,14,1,0,0,toCave,2
64,0,0,0,0,toMarket,0
64,1,0,0,0,toMarket,0
64,2,0,1,0,toMarket,1
64,3,0,0,0,toMarket,4
64,4,0,0,0,toTown,4
64,5,0,0,0,toTown,4
64,6,0,0,0,toTown,4
64,7,0,0,0,toTown,4
64,8,0,1,1,toTown,4
64,9,0,1,1,toTown,5
64,10,0,1,1,toCave,6
64,11,1,0,0,toCave,2
64,12,1,0,0,toCave,2
64,13,1,0,0,toCave,2
64,14,1,0,0,toCave,2
65,0,0,0,0,toMarket,0
65,1,0,0,0,toMarket,0
65,2,0,0,0,toMarket,1
65,3,0,0,0,toTown,3
65,4,0,0,1,toMarket,3
65,5,0,0,0,toMarket,8
65,6,0,0,0,toMarket,8
65,7,0,0,0,toMarket,8
65,8,0,1,1,toMarket,8
65,9,0,0,0,toMarket,5
65,10,1,0,0,toCave,6
65,11,1,0,0,toCave,7
65,12,0,0,0,toCave,2
65,13,0,0,0,toCave,2
65,14,1,0,0,toCave,2
66,0,0,0,0,toMarket,0
66,1,0,0,0,toMarket,0
66,2,0,1,1,toMarket,1
66,3,0,1,1,toMarket,5
66,4,0,1,1,toCave,6
66,5,0,1,1,toCave,2
66,6,0,1,0,toCave,2
66,7,1,1,0,toCave,2
66,8,1,0,0,toCave,2
66,9,1,0,0,toCave,2
66,10,0,0,0,toCave,2
66,11,1,0,0,toCave,2
66,12,1,0,0,toCave,2
66,13,1,0,0,toCave,2
66,14,1,0,0,toCave,2
67,0,0,0,0,toMarket,0
67,1,0,0,0,toMarket,0
67,2,0,1,1,toMarket,1
67,3,0,1,1,toMarket,5
67,4,0,0,0,toCave,6
67,5,0,0,0,toCave,2
67,6,1,1,1,toCave,2
67,7,1,1,1,toCave,2
67,8,0,0,0,toCave,2
67,9,1,0,0,toCave,2
67,10,1,0,0,toCave,2
67,11,0,0,0,toCave,2
67,12,1,0,0,toCave,2
67,13,1,1,1,toCave,2
67,14,0,0,1,toCave,2
68,0,0,0,0,toMarket,0
68,1,0,0,0,toMarket,0
68,2,0,1,1,toMarket,1
68,3,0,1,1,toMarket,5
68,4,0,0,0,toCave,6
68,5,1,1,0,toCave,2
68,6,0,0,0,toCave,2
68,7,0,0,0,toCave,2
68,8,0,0,0,toCave,2
68,9,1,0,0,toCave,2
68,10,0,0,0,toCave,2
68,11,1,0,0,toCave,2
68,12,0,0,0,toCave,2
68,13,1,0,0,toCave,2
68,14,1,0,0,toCave,2
69,0,0,0,0,toMarket,0
69,1,0,0,0,toMarket,0
69,2,0,1,1,toMarket,1
69,3,0,1,1,toMarket,5
69,4,1,0,0,toCave,6
69,5,1,0,0,toCave,7
69,6,1,0,0,toCave,2
69,7,1,0,0,toCave,2
69,8,1,0,0,toCave,2
69,9,1,0,0,toCave,2
69,10,1,0,0,toCave,2
69,11,1,0,0,toCave,2
69,12,0,0,0,toCave,2
69,13,1,0,0,toCave,2
69,14,1,0,0,toCave,2
70,0,0,0,0,toMarket,0
70,1,0,0,0,toMarket,0
70,2,0,1,1,toMarket,1
70,3,0,1,1,toMarket,5
70,4,0,1,1,toCave,6
70,5,0,1,1,toCave,2
70,6,1,0,0,toCave,2
70,7,1,0,0,toCave,2
70,8,0,0,1,toCave,2
70,9,1,0,0,toCave,2
70,10,1,0,0,toCave,2
70,11,0,0,0,toCave,2
70,12,1,0,0,toCave,2
70,13,0,0,0,toCave,2
70,14,0,0,0,toCave,2
71,0,0,0,0,toMarket,0
71,1,0,0,0,toMarket,0
71,2,0,1,0,toMarket,1
71,3,0,1,1,toMarket,4
71,4,0,0,0,toMarket,5
71,5,0,1,1,toCave,6
71,6,1,0,0,toCave,2
71,7,1,0,0,toCave,2
71,8,0,0,0,toCave,2
71,9,1,0,0,toCave,2
71,10,1,0,0,toCave,2
71,11,1,0,0,toCave,2
71,12,1,0,0,toCave,2
71,13,1,0,0,toCave,2
71,14,1,0,0,toCave,2
72,0,0,0,0,toMarket,0
72,1,0,0,0,toMarket,0
72,2,0,1,1,toMarket,1
72,3,0,1,1,toMarket,5
72,4,0,1,1,toCave,6
72,5,0,1,1,toCave,2
72,6,1,0,0,toCave,2
72,7,1,0,0,toCave,2
72,8,1,0,0,toCave,2
72,9,1,0,0,toCave,2
72,10,1,0,0,toCave,2
72,11,1,0,0,toCave,2
72,12,1,0,0,toCave,2
72,13,1,0,0,toCave,2
72,14,1,0,0,toCave,2
73,0,0,0,0,toMarket,0
73,1,0,0,0,toMarket,0
73,2,0,1,1,toMarket,1
73,3,0,1,1,toMarket,5
73,4,0,0,0,toCave,6
73,5,1,0,0,toCave,2
73,6,1,0,0,toCave,2
73,7,1,0,0,toCave,2
73,8,1,0,0,toCave,2
73,9,1,0,0,toCave,2
73,10,1,0,0,toCave,2
73,11,1,0,0,toCave,2
73,12,1,0,0,toCave,2
73,13,1,0,0,toCave,2
73,14,1,0,0,toCave,2
74,0,0,0,0,toMarket,0
74,1,0,0,0,toMarket,0
74,2,0,1,0,toMarket,1
74,3,0,0,0,toMarket,4
74,4,0,0,0,toTown,4
74,5,0,1,1,toTown,4
74,6,0,0,0,toTown,5
74,7,1,0,0,toCave,6
74,8,1,0,0,toCave,7
74,9,1,0,0,toCave,2
74,10,1,0,0,toCave,2
74,11,1,0,0,toCave,2
74,12,1,0,0,toCave,2
74,13,1,0,0,toCave,2
74,14,1,0,0,toCave,2
75,0,0,0,0,toMarket,0
75,1,0,0,0,toMarket,0
75,2,0,0,0,toMarket,1
75,3,0,0,0,toTown,3
75,4,0,0,0,toMarket,3
75,5,0,1,0,toMarket,3
75,6,0,1,1,toMarket,4
75,7,0,1,1,toMarket,5
75,0,0,0,0,toMarket,0
75,0,0,0,0,toMarket,0
75,0,0,0,0,toMarket,0
