Run,Step,InCave,InMarket,InTown,Update,CurrentState,SafeChoice,SafeCount
1,0,0,0,0,toMarket,0,0,0
1,1,0,0,0,toMarket,0,0,0
1,2,0,1,0,toMarket,0,0,0
1,3,0,1,1,toMarket,0,1,0
1,4,0,0,0,toMarket,0,0,0
1,5,0,0,0,toMarket,0,1,0
1,6,0,1,1,toMarket,0,1,0
1,7,0,1,0,toMarket,0,0,0
1,8,0,1,0,toMarket,0,1,0
1,9,0,0,1,toMarket,0,0,1
1,10,0,0,1,toMarket,0,1,2
1,11,0,0,1,toMarket,0,1,3
1,12,0,0,1,toMarket,0,1,4
1,13,0,0,1,toMarket,0,1,5
1,14,0,0,1,toMarket,0,1,6
2,0,0,0,0,toMarket,0,0,0
2,1,0,0,0,toMarket,0,0,0
2,2,0,0,0,toMarket,0,0,0
2,3,0,0,0,toMarket,0,0,0
2,4,0,0,0,toMarket,0,1,1
2,5,0,0,0,toMarket,0,0,1
2,6,0,0,0,toMarket,0,0,1
2,7,1,0,0,toMarket,0,0,1
2,8,1,0,0,toMarket,0,0,1
2,9,1,0,0,toMarket,0,0,1
2,10,1,0,0,toMarket,0,1,1
2,11,1,0,1,toMarket,0,0,1
2,12,0,0,0,toMarket,0,0,1
2,13,0,0,0,toMarket,0,1,2
2,14,0,0,1,toMarket,0,1,2
3,0,0,0,0,toMarket,0,0,0
3,1,0,0,0,toMarket,0,0,0
3,2,0,0,0,toMarket,0,0,0
3,3,0,0,0,toMarket,0,1,0
3,4,0,0,0,toMarket,0,0,0
3,5,0,0,0,toMarket,0,0,0
3,6,0,0,0,toMarket,0,0,0
3,7,0,0,0,toMarket,0,0,0
3,8,0,0,0,toMarket,0,1,0
3,9,0,0,0,toMarket,0,0,0
3,10,0,0,0,toMarket,0,1,0
3,11,0,0,0,toMarket,0,1,0
3,12,0,1,1,toMarket,0,1,0
3,13,0,1,1,toMarket,0,0,1
3,14,0,1,1,toMarket,0,0,1
4,0,0,0,0,toMarket,0,0,0
4,1,0,0,0,toMarket,0,0,0
4,2,0,0,0,toMarket,0,1,0
4,3,0,0,0,toMarket,0,0,0
4,4,0,0,0,toMarket,0,1,0
4,5,0,0,0,toMarket,0,0,0
4,6,0,0,0,toMarket,0,0,0
4,7,0,0,0,toMarket,0,1,0
4,8,0,0,1,toMarket,0,1,1
4,9,0,1,1,toMarket,0,1,2
4,10,0,1,1,toMarket,0,0,3
4,11,0,0,0,toMarket,0,0,3
4,12,0,0,1,toMarket,0,0,3
4,13,0,0,0,toMarket,0,0,3
4,14,0,0,0,toMarket,0,0,3
5,0,0,0,0,toMarket,0,0,0
5,1,0,0,0,toMarket,0,0,0
5,2,0,1,0,toMarket,0,0,0
5,3,0,1,1,toMarket,0,0,0
5,4,0,1,1,toMarket,0,1,1
5,5,0,1,1,toMarket,0,0,1
5,6,1,0,0,toMarket,0,0,1
5,7,1,0,0,toMarket,0,0,1
5,8,1,0,0,toMarket,0,0,1
5,9,0,0,0,toMarket,0,0,1
5,10,1,0,0,toMarket,0,0,1
5,11,1,0,0,toMarket,0,0,1
5,12,0,0,0,toMarket,0,0,1
5,13,0,0,0,toMarket,0,0,1
5,14,1,0,0,toMarket,0,0,1
6,0,0,0,0,toMarket,0,0,0
6,1,0,0,0,toMarket,0,1,0
6,2,0,0,0,toMarket,0,0,0
6,3,0,0,0,toMarket,0,1,0
6,4,0,0,0,toMarket,0,0,0
6,5,0,1,1,toMarket,0,0,0
6,6,0,1,1,toMarket,0,1,0
6,7,0,1,1,toMarket,0,0,0
6,8,0,1,1,toMarket,0,1,1
6,9,0,0,1,toMarket,0,0,2
6,10,0,0,0,toMarket,0,1,3
6,11,0,0,0,toMarket,0,1,4
6,12,0,0,1,toMarket,0,1,4
6,13,0,1,1,toMarket,0,0,5
6,14,0,1,1,toMarket,0,1,6
7,0,0,0,0,toMarket,0,0,0
7,1,0,0,0,toMarket,0,1,0
7,2,0,0,0,toMarket,0,0,0
7,3,0,0,1,toMarket,0,1,0
7,4,0,0,1,toMarket,0,1,1
7,5,0,1,1,toMarket,0,1,2
7,6,0,0,1,toMarket,0,0,3
7,7,0,0,1,toMarket,0,0,3
7,8,0,0,1,toMarket,0,0,3
7,9,0,1,1,toMarket,0,0,3
7,10,0,1,1,toMarket,0,0,3
7,11,0,1,1,toMarket,0,0,3
7,12,0,0,0,toMarket,0,0,3
7,13,0,1,1,toMarket,0,0,3
7,14,0,1,1,toMarket,0,1,4
8,0,0,0,0,toMarket,0,0,0
8,1,0,0,0,toMarket,0,0,0
8,2,0,0,0,toMarket,0,0,0
8,3,0,0,0,toMarket,0,1,0
8,4,0,0,0,toMarket,0,1,0
8,5,0,1,1,toMarket,0,1,1
8,6,0,0,1,toMarket,0,1,2
8,7,0,1,1,toMarket,0,1,3
8,8,0,1,1,toMarket,0,1,4
8,9,0,1,1,toMarket,0,1,5
8,10,0,0,1,toMarket,0,0,5
8,11,1,0,0,toMarket,0,1,5
8,12,1,0,0,toMarket,0,1,5
8,13,1,0,0,toMarket,0,0,5
8,14,1,0,0,toMarket,0,0,5
9,0,0,0,0,toMarket,0,0,0
9,1,0,0,0,toMarket,0,1,0
9,2,0,0,0,toMarket,0,1,0
9,3,0,0,0,toMarket,0,0,0
9,4,1,0,0,toMarket,0,0,0
9,5,1,0,0,toMarket,0,0,0
9,6,1,0,0,toMarket,0,0,0
9,7,0,0,0,toMarket,0,0,0
9,8,1,0,0,toMarket,0,0,0
9,9,1,0,0,toMarket,0,0,0
9,10,1,0,0,toMarket,0,1,0
9,11,0,0,0,toMarket,0,0,0
9,12,0,0,0,toMarket,0,0,0
9,13,1,0,0,toMarket,0,1,0
9,14,0,0,0,toMarket,0,1,0
10,0,0,0,0,toMarket,0,0,0
10,1,0,0,0,toMarket,0,1,0
10,2,0,0,0,toMarket,0,0,0
10,3,0,0,0,toMarket,0,1,0
10,4,0,0,1,toMarket,0,1,0
10,5,0,1,1,toMarket,0,0,0
10,6,0,1,1,toMarket,0,0,0
10,7,1,0,0,toMarket,0,0,0
10,8,0,0,0,toMarket,0,0,0
10,9,1,0,0,toMarket,0,0,0
10,10,0,0,0,toMarket,0,0,0
10,11,1,0,0,toMarket,0,1,0
10,12,1,0,0,toMarket,0,0,1
10,13,0,0,1,toMarket,0,1,1
10,14,0,0,1,toMarket,0,1,2
11,0,0,0,0,toMarket,0,0,0
11,1,0,0,0,toMarket,0,0,0
11,2,0,1,1,toMarket,0,0,0
11,3,1,1,1,toMarket,0,0,0
11,4,1,0,0,toMarket,0,0,0
11,5,0,0,0,toMarket,0,1,0
11,6,1,0,0,toMarket,0,0,0
11,7,1,0,0,toMarket,0,0,0
11,8,1,0,0,toMarket,0,0,0
11,9,1,0,0,toMarket,0,1,0
11,10,1,0,0,toMarket,0,0,0
11,11,1,0,0,toMarket,0,0,0
11,12,1,0,0,toMarket,0,0,0
11,13,1,0,0,toMarket,0,0,0
11,14,1,0,0,toMarket,0,0,0
12,0,0,0,0,toMarket,0,0,0
12,1,0,0,0,toMarket,0,0,0
12,2,0,0,0,toMarket,0,0,0
12,3,0,0,0,toMarket,0,0,0
12,4,0,0,0,toMarket,0,0,0
12,5,1,0,0,toMarket,0,0,0
12,6,1,0,0,toMarket,0,1,0
12,7,1,0,0,toMarket,0,0,0
12,8,1,0,0,toMarket,0,0,0
12,9,1,0,0,toMarket,0,1,0
12,10,1,0,0,toMarket,0,0,0
12,11,1,0,0,toMarket,0,1,0
12,12,1,0,0,toMarket,0,0,0
12,13,1,0,0,toMarket,0,0,0
12,14,1,0,0,toMarket,0,1,0
13,0,0,0,0,toMarket,0,0,0
13,1,0,0,0,toMarket,0,0,0
13,2,0,0,0,toMarket,0,1,0
13,3,1,0,0,toMarket,0,0,0
13,4,1,0,0,toMarket,0,0,0
13,5,1,0,0,toMarket,0,0,0
13,6,1,0,0,toMarket,0,0,0
13,7,0,0,0,toMarket,0,0,1
13,8,0,1,1,toMarket,0,0,1
13,9,1,0,1,toMarket,0,1,1
13,10,1,0,0,toMarket,0,1,1
13,11,0,1,1,toMarket,0,1,2
13,12,0,0,1,toMarket,0,1,2
13,13,0,1,1,toMarket,0,0,3
13,14,0,1,1,toMarket,0,0,3
14,0,0,0,0,toMarket,0,0,0
14,1,0,0,0,toMarket,0,1,0
14,2,0,0,0,toMarket,0,1,0
14,3,0,0,0,toMarket,0,1,0
14,4,0,0,0,toMarket,0,1,1
14,5,0,0,0,toMarket,0,1,1
14,6,0,0,0,toMarket,0,0,1
14,7,0,1,1,toMarket,0,0,1
14,8,0,1,1,toMarket,0,0,1
14,9,0,1,1,toMarket,0,0,2
14,10,0,0,0,toMarket,0,0,2
14,11,0,0,0,toMarket,0,0,2
14,12,0,0,0,toMarket,0,0,2
14,13,1,0,0,toMarket,0,0,2
14,14,1,1,1,toMarket,0,0,2
15,0,0,0,0,toMarket,0,0,0
15,1,0,0,0,toMarket,0,0,0
15,2,0,0,0,toMarket,0,0,0
15,3,0,0,0,toMarket,0,0,0
15,4,0,1,1,toMarket,0,1,0
15,5,0,1,1,toMarket,0,0,0
15,6,0,1,1,toMarket,0,1,0
15,7,0,1,1,toMarket,0,0,1
15,8,0,0,1,toMarket,0,1,1
15,9,0,1,1,toMarket,0,1,2
15,10,0,1,1,toMarket,0,0,3
15,11,0,1,1,toMarket,0,1,3
15,12,0,0,0,toMarket,0,0,4
15,13,1,0,1,toMarket,0,1,5
15,14,0,0,1,toMarket,0,0,6
16,0,0,0,0,toMarket,0,0,0
16,1,0,0,0,toMarket,0,0,0
16,2,0,0,1,toMarket,0,0,0
16,3,0,0,0,toMarket,0,1,0
16,4,0,1,0,toMarket,0,0,0
16,5,0,1,1,toMarket,0,0,0
16,6,0,1,1,toMarket,0,0,1
16,7,0,1,1,toMarket,0,0,1
16,8,0,0,0,toMarket,0,1,2
16,9,0,0,1,toMarket,0,1,2
16,10,0,1,1,toMarket,0,1,3
16,11,0,1,1,toMarket,0,0,3
16,12,1,0,0,toMarket,0,1,4
16,13,0,0,1,toMarket,0,1,4
16,14,0,1,1,toMarket,0,1,5
17,0,0,0,0,toMarket,0,0,0
17,1,0,0,0,toMarket,0,1,0
17,2,0,0,0,toMarket,0,1,0
17,3,0,0,0,toMarket,0,1,0
17,4,0,0,0,toMarket,0,0,1
17,5,0,0,1,toMarket,0,0,2
17,6,0,0,1,toMarket,0,1,3
17,7,0,0,1,toMarket,0,1,4
17,8,0,0,1,toMarket,0,1,5
17,9,0,0,1,toMarket,0,0,5
17,10,0,0,1,toMarket,0,0,5
17,11,0,1,1,toMarket,0,1,7
17,12,0,1,1,toMarket,0,1,8
17,13,0,1,1,toMarket,0,0,9
17,14,0,0,0,toMarket,0,1,9
18,0,0,0,0,toMarket,0,0,0
18,1,0,0,0,toMarket,0,1,0
18,2,0,0,0,toMarket,0,1,0
18,3,0,0,0,toMarket,0,1,0
18,4,0,0,0,toMarket,0,0,0
18,5,1,0,0,toMarket,0,0,0
18,6,0,1,1,toMarket,0,0,1
18,7,0,1,1,toMarket,0,1,2
18,8,0,1,0,toMarket,0,1,3
18,9,0,1,1,toMarket,0,1,4
18,10,0,1,1,toMarket,0,0,5
18,11,0,0,1,toMarket,0,0,5
18,12,0,0,0,toMarket,0,0,5
18,13,1,0,0,toMarket,0,0,5
18,14,1,0,0,toMarket,0,0,5
19,0,0,0,0,toMarket,0,0,0
19,1,0,0,0,toMarket,0,1,0
19,2,0,0,0,toMarket,0,0,1
19,3,0,1,1,toMarket,0,0,1
19,4,1,0,1,toMarket,0,1,1
19,5,0,0,0,toMarket,0,0,1
19,6,0,0,0,toMarket,0,0,1
19,7,1,0,0,toMarket,0,0,1
19,8,0,0,0,toMarket,0,0,1
19,9,0,0,0,toMarket,0,0,1
19,10,0,0,0,toMarket,0,0,1
19,11,0,0,0,toMarket,0,0,1
19,12,0,0,0,toMarket,0,0,1
19,13,0,0,0,toMarket,0,0,1
19,14,0,0,1,toMarket,0,0,1
20,0,0,0,0,toMarket,0,0,0
20,1,0,0,0,toMarket,0,0,0
20,2,0,0,1,toMarket,0,0,0
20,3,0,1,1,toMarket,0,1,1
20,4,0,1,1,toMarket,0,0,2
20,5,0,0,1,toMarket,0,1,3
20,6,0,1,1,toMarket,0,1,4
20,7,0,1,1,toMarket,0,1,5
20,8,0,0,1,toMarket,0,1,5
20,9,0,0,0,toMarket,0,1,6
20,10,0,0,0,toMarket,0,1,6
20,11,0,0,0,toMarket,0,0,6
20,12,1,0,0,toMarket,0,0,6
20,13,1,0,0,toMarket,0,0,6
20,14,1,0,0,toMarket,0,1,6
21,0,0,0,0,toMarket,0,0,0
21,1,0,0,0,toMarket,0,0,0
21,2,0,0,1,toMarket,0,0,0
21,3,0,1,0,toMarket,0,0,0
21,4,0,1,1,toMarket,0,1,0
21,5,1,0,0,toMarket,0,0,2
21,6,1,0,0,toMarket,0,0,2
21,7,1,0,0,toMarket,0,0,2
21,8,1,0,0,toMarket,0,0,2
21,9,0,0,0,toMarket,0,1,3
21,10,1,0,1,toMarket,0,1,4
21,11,0,0,1,toMarket,0,1,4
21,12,0,0,1,toMarket,0,1,4
21,13,0,1,1,toMarket,0,1,4
21,14,0,1,1,toMarket,0,1,5
22,0,0,0,0,toMarket,0,0,0
22,1,0,0,0,toMarket,0,0,0
22,2,0,0,1,toMarket,0,1,1
22,3,0,0,0,toMarket,0,1,2
22,4,0,0,0,toMarket,0,0,2
22,5,0,0,0,toMarket,0,1,2
22,6,0,1,1,toMarket,0,0,3
22,7,0,1,0,toMarket,0,1,3
22,8,0,1,1,toMarket,0,0,3
22,9,0,1,1,toMarket,0,0,3
22,10,0,1,1,toMarket,0,0,4
22,11,0,1,1,toMarket,0,0,4
22,12,0,0,0,toMarket,0,0,4
22,13,1,0,0,toMarket,0,0,4
22,14,1,0,0,toMarket,0,1,4
23,0,0,0,0,toMarket,0,0,0
23,1,0,0,0,toMarket,0,0,0
23,2,0,0,0,toMarket,0,1,0
23,3,0,0,0,toMarket,0,0,0
23,4,0,0,0,toMarket,0,1,0
23,5,0,0,0,toMarket,0,0,0
23,6,0,0,0,toMarket,0,1,0
23,7,0,0,1,toMarket,0,0,0
23,8,0,0,1,toMarket,0,1,1
23,9,0,1,1,toMarket,0,1,1
23,10,0,1,0,toMarket,0,0,2
23,11,0,0,0,toMarket,0,1,2
23,12,0,1,1,toMarket,0,1,2
23,13,0,1,1,toMarket,0,0,2
23,14,0,1,1,toMarket,0,0,2
24,0,0,0,0,toMarket,0,0,0
24,1,0,0,0,toMarket,0,1,0
24,2,0,0,0,toMarket,0,0,0
24,3,0,0,0,toMarket,0,0,0
24,4,0,1,0,toMarket,0,0,0
24,5,0,0,1,toMarket,0,0,0
24,6,1,0,1,toMarket,0,0,0
24,7,1,0,0,toMarket,0,0,0
24,8,0,0,0,toMarket,0,0,0
24,9,1,0,0,toMarket,0,1,0
24,10,1,0,0,toMarket,0,0,0
24,11,1,0,0,toMarket,0,0,0
24,12,1,0,0,toMarket,0,0,0
24,13,1,0,0,toMarket,0,0,0
24,14,1,0,0,toMarket,0,0,0
25,0,0,0,0,toMarket,0,0,0
25,1,0,0,0,toMarket,0,0,0
25,2,0,0,0,toMarket,0,0,0
25,3,0,0,0,toMarket,0,0,0
25,4,0,1,1,toMarket,0,0,0
25,5,0,0,1,toMarket,0,0,0
25,6,1,0,0,toMarket,0,0,0
25,7,1,0,0,toMarket,0,0,0
25,8,1,0,0,toMarket,0,0,0
25,9,0,0,0,toMarket,0,1,0
25,10,0,0,0,toMarket,0,1,0
25,11,1,0,0,toMarket,0,1,0
25,12,0,1,1,toMarket,0,1,0
25,13,0,1,0,toMarket,0,1,0
25,14,1,0,0,toMarket,0,1,0
26,0,0,0,0,toMarket,0,0,0
26,1,0,0,0,toMarket,0,1,0
26,2,0,0,0,toMarket,0,0,0
26,3,0,1,1,toMarket,0,0,0
26,4,0,0,0,toMarket,0,0,0
26,5,0,1,1,toMarket,0,0,0
26,6,0,0,0,toMarket,0,0,0
26,7,0,1,1,toMarket,0,0,0
26,8,0,1,1,toMarket,0,0,0
26,9,0,1,0,toMarket,0,0,1
26,10,0,1,1,toMarket,0,0,1
26,11,1,0,0,toMarket,0,0,1
26,12,1,0,0,toMarket,0,0,1
26,13,1,0,0,toMarket,0,0,1
26,14,1,0,0,toMarket,0,0,1
27,0,0,0,0,toMarket,0,0,0
27,1,0,0,0,toMarket,0,1,0
27,2,0,0,0,toMarket,0,1,0
27,3,0,0,0,toMarket,0,0,0
27,4,0,0,0,toMarket,0,0,0
27,5,0,1,1,toMarket,0,1,0
27,6,1,1,0,toMarket,0,0,0
27,7,1,0,0,toMarket,0,0,0
27,8,1,0,0,toMarket,0,0,0
27,9,0,0,0,toMarket,0,1,0
27,10,0,0,0,toMarket,0,0,1
27,11,0,0,0,toMarket,0,1,1
27,12,0,0,0,toMarket,0,1,1
27,13,0,0,0,toMarket,0,0,1
27,14,1,0,0,toMarket,0,0,1
28,0,0,0,0,toMarket,0,0,0
28,1,0,0,0,toMarket,0,1,0
28,2,0,0,1,toMarket,0,1,1
28,3,0,0,1,toMarket,0,1,2
28,4,0,0,0,toMarket,0,1,3
28,5,0,1,1,toMarket,0,1,3
28,6,0,0,0,toMarket,0,0,3
28,7,1,0,0,toMarket,0,0,3
28,8,1,0,0,toMarket,0,1,3
28,9,1,0,0,toMarket,0,1,3
28,10,1,0,0,toMarket,0,0,3
28,11,1,0,0,toMarket,0,0,3
28,12,1,0,0,toMarket,0,0,3
28,13,1,0,0,toMarket,0,0,3
28,14,1,0,0,toMarket,0,0,3
29,0,0,0,0,toMarket,0,0,0
29,1,0,0,0,toMarket,0,1,0
29,2,0,0,0,toMarket,0,0,0
29,3,0,0,1,toMarket,0,1,0
29,4,0,0,1,toMarket,0,0,0
29,5,1,0,0,toMarket,0,0,0
29,6,1,0,1,toMarket,0,0,0
29,7,1,0,0,toMarket,0,1,0
29,8,1,0,0,toMarket,0,0,0
29,9,0,0,0,toMarket,0,1,0
29,10,0,0,1,toMarket,0,1,1
29,11,0,0,1,toMarket,0,1,2
29,12,0,0,1,toMarket,0,1,3
29,13,0,0,1,toMarket,0,1,3
29,14,0,1,1,toMarket,0,1,4
30,0,0,0,0,toMarket,0,0,0
30,1,0,0,0,toMarket,0,0,0
30,2,0,0,0,toMarket,0,1,0
30,3,0,0,0,toMarket,0,0,0
30,4,0,1,1,toMarket,0,1,0
30,5,0,1,1,toMarket,0,0,0
30,6,1,0,0,toMarket,0,0,0
30,7,1,0,0,toMarket,0,1,1
30,8,0,0,1,toMarket,0,0,1
30,9,1,0,0,toMarket,0,1,2
30,10,1,0,0,toMarket,0,1,2
30,11,1,0,0,toMarket,0,0,3
30,12,0,1,1,toMarket,0,1,3
30,13,0,0,1,toMarket,0,1,4
30,14,0,0,1,toMarket,0,1,5
31,0,0,0,0,toMarket,0,0,0
31,1,0,0,0,toMarket,0,1,0
31,2,0,0,0,toMarket,0,0,1
31,3,0,0,0,toMarket,0,1,1
31,4,0,1,1,toMarket,0,1,1
31,5,0,0,1,toMarket,0,1,2
31,6,0,1,1,toMarket,0,0,3
31,7,0,1,1,toMarket,0,1,3
31,8,0,0,1,toMarket,0,1,4
31,9,0,0,1,toMarket,0,0,5
31,10,1,0,0,toMarket,0,1,5
31,11,0,1,1,toMarket,0,1,5
31,12,0,1,1,toMarket,0,1,6
31,13,0,1,1,toMarket,0,1,7
31,14,0,1,1,toMarket,0,1,8
32,0,0,0,0,toMarket,0,0,0
32,1,0,0,0,toMarket,0,0,0
32,2,0,0,0,toMarket,0,0,0
32,3,0,0,0,toMarket,0,0,0
32,4,0,0,0,toMarket,0,0,0
32,5,0,1,1,toMarket,0,1,0
32,6,0,1,1,toMarket,0,0,0
32,7,0,1,1,toMarket,0,0,0
32,8,0,1,1,toMarket,0,0,0
32,9,0,1,1,toMarket,0,0,0
32,10,0,1,1,toMarket,0,0,0
32,11,0,1,1,toMarket,0,1,0
32,12,0,0,1,toMarket,0,0,1
32,13,0,0,1,toMarket,0,1,2
32,14,0,0,1,toMarket,0,0,3
33,0,0,0,0,toMarket,0,0,0
33,1,0,0,0,toMarket,0,0,1
33,2,0,0,1,toMarket,0,1,2
33,3,0,0,1,toMarket,0,1,3
33,4,0,0,1,toMarket,0,1,3
33,5,0,1,1,toMarket,0,0,3
33,6,0,0,0,toMarket,0,1,3
33,7,0,0,0,toMarket,0,0,3
33,8,1,0,0,toMarket,0,1,3
33,9,1,0,0,toMarket,0,1,3
33,10,1,0,0,toMarket,0,0,3
33,11,1,0,0,toMarket,0,0,3
33,12,1,0,0,toMarket,0,0,3
33,13,1,0,0,toMarket,0,0,3
33,14,1,0,0,toMarket,0,0,3
34,0,0,0,0,toMarket,0,0,0
34,1,0,0,0,toMarket,0,0,0
34,2,0,0,1,toMarket,0,0,0
34,3,0,1,1,toMarket,0,0,1
34,4,0,0,1,toMarket,0,1,2
34,5,0,1,1,toMarket,0,1,3
34,6,0,1,1,toMarket,0,1,3
34,7,0,1,1,toMarket,0,0,3
34,8,0,1,0,toMarket,0,0,3
34,9,0,0,0,toMarket,0,0,3
34,10,0,0,0,toMarket,0,0,3
34,11,1,0,0,toMarket,0,1,3
34,12,1,0,0,toMarket,0,1,3
34,13,0,0,0,toMarket,0,1,3
34,14,1,0,0,toMarket,0,0,3
35,0,0,0,0,toMarket,0,0,0
35,1,0,0,1,toMarket,0,1,0
35,2,0,0,0,toMarket,0,0,1
35,3,0,0,1,toMarket,0,0,1
35,4,0,1,1,toMarket,0,1,2
35,5,0,1,1,toMarket,0,0,3
35,6,0,1,1,toMarket,0,0,3
35,7,1,0,1,toMarket,0,1,3
35,8,0,0,1,toMarket,0,1,4
35,9,0,0,1,toMarket,0,0,5
35,10,0,0,1,toMarket,0,0,5
35,11,0,0,1,toMarket,0,0,5
35,12,0,0,1,toMarket,0,1,6
35,13,0,0,1,toMarket,0,1,6
35,14,0,1,1,toMarket,0,1,6
36,0,0,0,0,toMarket,0,0,0
36,1,0,0,0,toMarket,0,0,0
36,2,0,0,0,toMarket,0,0,0
36,3,0,0,0,toMarket,0,1,0
36,4,0,1,1,toMarket,0,0,0
36,5,0,1,1,toMarket,0,0,0
36,6,0,0,0,toMarket,0,0,0
36,7,1,0,0,toMarket,0,0,0
36,8,1,0,0,toMarket,0,0,0
36,9,1,0,0,toMarket,0,0,0
36,10,1,0,0,toMarket,0,0,1
36,11,1,0,0,toMarket,0,0,1
36,12,1,0,0,toMarket,0,0,1
36,13,1,0,0,toMarket,0,0,1
36,14,1,0,0,toMarket,0,1,1
37,0,0,0,0,toMarket,0,0,0
37,1,0,0,0,toMarket,0,0,0
37,2,0,0,0,toMarket,0,0,0
37,3,0,0,0,toMarket,0,0,0
37,4,0,0,0,toMarket,0,0,0
37,5,0,0,0,toMarket,0,0,0
37,6,0,0,0,toMarket,0,1,0
37,7,0,0,0,toMarket,0,0,0
37,8,0,1,0,toMarket,0,1,0
37,9,0,1,1,toMarket,0,1,1
37,10,0,1,1,toMarket,0,0,1
37,11,0,0,0,toMarket,0,1,1
37,12,0,0,0,toMarket,0,0,1
37,13,0,0,0,toMarket,0,0,1
37,14,0,1,1,toMarket,0,0,1
38,0,0,0,0,toMarket,0,0,0
38,1,0,0,0,toMarket,0,1,0
38,2,0,0,0,toMarket,0,1,0
38,3,0,0,0,toMarket,0,0,0
38,4,0,0,1,toMarket,0,1,1
38,5,0,0,0,toMarket,0,0,2
38,6,0,0,0,toMarket,0,1,3
38,7,0,0,1,toMarket,0,0,3
38,8,1,0,0,toMarket,0,0,3
38,9,1,0,0,toMarket,0,0,3
38,10,1,0,0,toMarket,0,0,3
38,11,1,0,0,toMarket,0,0,3
38,12,1,0,0,toMarket,0,0,3
38,13,1,0,0,toMarket,0,0,3
38,14,0,0,0,toMarket,0,1,3
39,0,0,0,0,toMarket,0,0,0
39,1,0,0,0,toMarket,0,0,0
39,2,0,0,0,toMarket,0,1,0
39,3,0,1,1,toMarket,0,0,0
39,4,0,0,0,toMarket,0,0,0
39,5,0,0,0,toMarket,0,0,0
39,6,0,0,0,toMarket,0,1,0
39,7,1,0,0,toMarket,0,1,1
39,8,0,1,1,toMarket,0,1,1
39,9,0,1,1,toMarket,0,0,1
39,10,1,0,0,toMarket,0,0,1
39,11,1,0,0,toMarket,0,0,1
39,12,1,0,0,toMarket,0,0,1
39,13,1,0,0,toMarket,0,0,1
39,14,1,0,0,toMarket,0,1,1
40,0,0,0,0,toMarket,0,0,0
40,1,0,0,0,toMarket,0,0,0
40,2,0,0,0,toMarket,0,0,0
40,3,0,0,0,toMarket,0,0,0
40,4,0,0,0,toMarket,0,0,0
40,5,0,0,1,toMarket,0,1,0
40,6,0,1,1,toMarket,0,1,1
40,7,0,1,1,toMarket,0,0,1
40,8,1,1,0,toMarket,0,1,1
40,9,0,0,0,toMarket,0,1,1
40,10,0,1,1,toMarket,0,0,1
40,11,1,0,1,toMarket,0,1,1
40,12,1,0,0,toMarket,0,0,2
40,13,1,0,0,toMarket,0,0,2
40,14,1,0,0,toMarket,0,1,2
41,0,0,0,0,toMarket,0,0,0
41,1,0,0,0,toMarket,0,0,0
41,2,0,0,0,toMarket,0,0,0
41,3,0,0,0,toMarket,0,1,0
41,4,0,0,1,toMarket,0,1,0
41,5,0,0,1,toMarket,0,1,1
41,6,0,1,1,toMarket,0,1,2
41,7,0,1,1,toMarket,0,0,3
41,8,0,1,1,toMarket,0,0,3
41,9,0,0,0,toMarket,0,0,3
41,10,1,0,0,toMarket,0,0,4
41,11,1,0,0,toMarket,0,1,4
41,12,1,0,0,toMarket,0,0,4
41,13,1,0,0,toMarket,0,0,4
41,14,1,0,0,toMarket,0,0,4
42,0,0,0,0,toMarket,0,0,0
42,1,0,0,0,toMarket,0,0,0
42,2,0,0,0,toMarket,0,1,0
42,3,0,1,1,toMarket,0,0,0
42,4,0,1,0,toMarket,0,0,0
42,5,0,0,0,toMarket,0,0,0
42,6,1,0,0,toMarket,0,0,0
42,7,1,0,0,toMarket,0,0,0
42,8,1,0,0,toMarket,0,1,1
42,9,1,0,0,toMarket,0,0,1
42,10,1,0,0,toMarket,0,0,1
42,11,1,0,0,toMarket,0,0,1
42,12,1,0,0,toMarket,0,0,1
42,13,1,0,0,toMarket,0,0,1
42,14,1,0,0,toMarket,0,1,1
43,0,0,0,0,toMarket,0,0,0
43,1,0,0,0,toMarket,0,0,0
43,2,0,0,0,toMarket,0,1,0
43,3,0,0,0,toMarket,0,0,0
43,4,0,0,0,toMarket,0,1,1
43,5,0,0,1,toMarket,0,0,2
43,6,0,0,1,toMarket,0,1,2
43,7,0,0,1,toMarket,0,0,3
43,8,0,0,1,toMarket,0,0,3
43,9,0,0,0,toMarket,0,0,3
43,10,1,0,0,toMarket,0,0,3
43,11,1,0,0,toMarket,0,0,3
43,12,1,0,0,toMarket,0,0,3
43,13,1,0,0,toMarket,0,0,3
43,14,0,0,0,toMarket,0,0,3
44,0,0,0,0,toMarket,0,0,0
44,1,0,0,0,toMarket,0,0,0
44,2,0,0,1,toMarket,0,0,0
44,3,0,1,1,toMarket,0,1,0
44,4,0,0,1,toMarket,0,0,1
44,5,0,0,0,toMarket,0,0,1
44,6,1,0,0,toMarket,0,0,1
44,7,1,0,0,toMarket,0,0,1
44,8,1,0,0,toMarket,0,1,1
44,9,1,0,0,toMarket,0,0,1
44,10,1,0,0,toMarket,0,0,1
44,11,0,0,0,toMarket,0,1,1
44,12,1,0,0,toMarket,0,1,2
44,13,0,0,1,toMarket,0,1,2
44,14,0,0,1,toMarket,0,0,2
45,0,0,0,0,toMarket,0,0,0
45,1,0,0,0,toMarket,0,0,0
45,2,0,0,0,toMarket,0,0,0
45,3,0,0,0,toMarket,0,0,0
45,4,0,0,0,toMarket,0,0,0
45,5,1,0,0,toMarket,0,0,0
45,6,1,0,0,toMarket,0,0,0
45,7,1,0,0,toMarket,0,0,0
45,8,1,0,0,toMarket,0,0,0
45,9,1,0,0,toMarket,0,1,0
45,10,1,0,0,toMarket,0,0,0
45,11,1,0,0,toMarket,0,0,0
45,12,1,0,0,toMarket,0,0,0
45,13,1,0,0,toMarket,0,0,0
45,14,1,0,0,toMarket,0,0,0
46,0,0,0,0,toMarket,0,0,0
46,1,0,0,0,toMarket,0,1,0
46,2,0,0,0,toMarket,0,0,1
46,3,0,0,1,toMarket,0,0,1
46,4,0,0,1,toMarket,0,1,2
46,5,0,0,1,toMarket,0,1,3
46,6,0,0,0,toMarket,0,0,4
46,7,0,1,1,toMarket,0,0,4
46,8,0,1,1,toMarket,0,1,4
46,9,0,1,1,toMarket,0,1,5
46,10,0,1,1,toMarket,0,0,5
46,11,0,0,0,toMarket,0,0,5
46,12,1,0,0,toMarket,0,0,5
46,13,1,0,0,toMarket,0,0,5
46,14,1,0,0,toMarket,0,0,5
47,0,0,0,0,toMarket,0,0,0
47,1,0,0,0,toMarket,0,0,0
47,2,0,0,1,toMarket,0,0,0
47,3,1,0,0,toMarket,0,0,1
47,4,1,0,0,toMarket,0,0,1
47,5,1,0,0,toMarket,0,0,1
47,6,1,0,0,toMarket,0,1,1
47,7,1,0,0,toMarket,0,0,1
47,8,1,0,0,toMarket,0,0,1
47,9,1,0,0,toMarket,0,1,1
47,10,1,0,0,toMarket,0,0,1
47,11,1,0,0,toMarket,0,0,1
47,12,1,0,0,toMarket,0,0,1
47,13,1,0,0,toMarket,0,0,1
47,14,0,0,0,toMarket,0,0,1
48,0,0,0,0,toMarket,0,0,0
48,1,0,0,0,toMarket,0,1,0
48,2,0,0,0,toMarket,0,1,0
48,3,0,0,0,toMarket,0,1,1
48,4,1,0,0,toMarket,0,1,1
48,5,1,0,0,toMarket,0,1,1
48,6,1,0,0,toMarket,0,1,1
48,7,1,0,0,toMarket,0,1,1
48,8,1,0,0,toMarket,0,1,1
48,9,1,0,0,toMarket,0,1,1
48,10,1,0,0,toMarket,0,1,1
48,11,1,0,0,toMarket,0,1,1
48,12,0,1,1,toMarket,0,1,1
48,13,0,1,1,toMarket,0,1,1
48,14,0,0,1,toMarket,0,0,1
49,0,0,0,0,toMarket,0,0,0
49,1,0,0,0,toMarket,0,1,0
49,2,0,0,0,toMarket,0,0,0
49,3,0,0,0,toMarket,0,0,0
49,4,0,1,0,toMarket,0,0,0
49,5,0,1,0,toMarket,0,0,1
49,6,0,1,1,toMarket,0,0,1
49,7,0,1,1,toMarket,0,1,1
49,8,0,0,0,toMarket,0,0,1
49,9,0,0,0,toMarket,0,1,1
49,10,0,0,0,toMarket,0,0,1
49,11,0,0,0,toMarket,0,1,1
49,12,1,0,0,toMarket,0,0,1
49,13,1,0,0,toMarket,0,1,1
49,14,1,0,0,toMarket,0,0,1
50,0,0,0,0,toMarket,0,0,0
50,1,0,0,0,toMarket,0,0,0
50,2,0,0,0,toMarket,0,0,0
50,3,0,0,0,toMarket,0,0,0
50,4,0,0,0,toMarket,0,1,1
50,5,0,1,1,toMarket,0,1,2
50,6,0,0,1,toMarket,0,1,3
50,7,0,0,1,toMarket,0,1,4
50,8,0,0,1,toMarket,0,0,4
50,9,1,0,0,toMarket,0,0,4
50,10,1,0,0,toMarket,0,1,5
50,11,0,1,1,toMarket,0,1,5
50,12,0,1,1,toMarket,0,0,5
50,13,0,1,1,toMarket,0,1,6
50,14,0,0,1,toMarket,0,1,7
51,0,0,0,0,toMarket,0,0,0
51,1,0,0,0,toMarket,0,0,0
51,2,0,0,0,toMarket,0,1,0
51,3,0,0,0,toMarket,0,0,0
51,4,0,0,0,toMarket,0,0,0
51,5,0,0,0,toMarket,0,0,0
51,6,0,0,1,toMarket,0,0,0
51,7,0,0,1,toMarket,0,0,0
51,8,0,0,1,toMarket,0,0,1
51,9,0,0,1,toMarket,0,0,1
51,10,0,0,0,toMarket,0,1,2
51,11,0,1,1,toMarket,0,0,2
51,12,1,1,0,toMarket,0,1,3
51,13,1,0,1,toMarket,0,1,4
51,14,0,0,1,toMarket,0,1,4
52,0,0,0,0,toMarket,0,0,0
52,1,0,0,0,toMarket,0,0,0
52,2,0,0,0,toMarket,0,1,1
52,3,0,0,1,toMarket,0,0,1
52,4,0,0,1,toMarket,0,0,1
52,5,0,1,1,toMarket,0,0,1
52,6,0,1,1,toMarket,0,0,1
52,7,0,1,1,toMarket,0,0,1
52,8,0,1,0,toMarket,0,1,1
52,9,0,1,1,toMarket,0,1,1
52,10,0,1,0,toMarket,0,0,1
52,11,0,0,0,toMarket,0,0,1
52,12,1,0,0,toMarket,0,0,1
52,13,1,0,0,toMarket,0,0,1
52,14,1,0,0,toMarket,0,0,1
53,0,0,0,0,toMarket,0,0,0
53,1,0,0,0,toMarket,0,1,0
53,2,0,0,0,toMarket,0,1,0
53,3,0,0,0,toMarket,0,0,1
53,4,0,0,0,toMarket,0,0,1
53,5,0,0,0,toMarket,0,0,1
53,6,0,0,0,toMarket,0,0,1
53,7,0,0,0,toMarket,0,0,1
53,8,0,0,0,toMarket,0,0,1
53,9,0,0,0,toMarket,0,0,1
53,10,0,1,1,toMarket,0,0,1
53,11,0,1,1,toMarket,0,0,1
53,12,0,1,1,toMarket,0,0,1
53,13,0,0,0,toMarket,0,0,1
53,14,1,0,0,toMarket,0,1,1
54,0,0,0,0,toMarket,0,0,0
54,1,0,0,0,toMarket,0,0,0
54,2,0,0,0,toMarket,0,1,0
54,3,0,0,0,toMarket,0,1,0
54,4,1,0,0,toMarket,0,0,1
54,5,0,0,1,toMarket,0,1,1
54,6,0,0,1,toMarket,0,0,1
54,7,0,1,1,toMarket,0,1,1
54,8,0,0,1,toMarket,0,1,1
54,9,0,0,1,toMarket,0,0,1
54,10,0,1,1,toMarket,0,1,2
54,11,0,1,1,toMarket,0,1,2
54,12,0,1,1,toMarket,0,0,2
54,13,1,1,1,toMarket,0,1,2
54,14,1,0,0,toMarket,0,0,2
55,0,0,0,0,toMarket,0,0,0
55,1,0,0,0,toMarket,0,0,0
55,2,0,0,0,toMarket,0,0,0
55,3,0,0,0,toMarket,0,1,1
55,4,0,0,0,toMarket,0,1,1
55,5,0,0,0,toMarket,0,1,1
55,6,0,0,0,toMarket,0,1,1
55,7,0,0,0,toMarket,0,0,1
55,8,0,1,1,toMarket,0,1,1
55,9,0,1,1,toMarket,0,0,2
55,10,0,0,1,toMarket,0,1,2
55,11,0,1,1,toMarket,0,1,3
55,12,1,0,1,toMarket,0,0,3
55,13,1,0,0,toMarket,0,0,3
55,14,1,0,0,toMarket,0,0,3
56,0,0,0,0,toMarket,0,0,0
56,1,0,0,0,toMarket,0,0,0
56,2,0,0,0,toMarket,0,1,0
56,3,0,0,0,toMarket,0,1,1
56,4,0,0,1,toMarket,0,1,1
56,5,0,1,1,toMarket,0,1,2
56,6,0,0,1,toMarket,0,1,3
56,7,0,1,1,toMarket,0,1,3
56,8,0,1,1,toMarket,0,1,3
56,9,0,1,1,toMarket,0,0,3
56,10,0,0,0,toMarket,0,0,3
56,11,1,1,0,toMarket,0,1,3
56,12,0,1,1,toMarket,0,1,3
56,13,0,1,1,toMarket,0,1,4
56,14,0,1,1,toMarket,0,1,5
57,0,0,0,0,toMarket,0,0,0
57,1,0,0,0,toMarket,0,0,0
57,2,0,0,0,toMarket,0,0,0
57,3,0,0,0,toMarket,0,0,0
57,4,0,0,0,toMarket,0,0,0
57,5,0,0,0,toMarket,0,0,0
57,6,0,0,0,toMarket,0,0,0
57,7,0,0,0,toMarket,0,1,1
57,8,0,1,1,toMarket,0,0,1
57,9,1,0,0,toMarket,0,1,1
57,10,0,1,1,toMarket,0,1,2
57,11,0,1,1,toMarket,0,0,3
57,12,0,1,1,toMarket,0,1,3
57,13,0,1,1,toMarket,0,1,3
57,14,0,1,1,toMarket,0,0,3
58,0,0,0,0,toMarket,0,0,0
58,1,0,0,0,toMarket,0,0,0
58,2,0,0,0,toMarket,0,0,0
58,3,0,0,0,toMarket,0,0,1
58,4,0,0,1,toMarket,0,0,1
58,5,0,0,0,toMarket,0,0,1
58,6,0,0,0,toMarket,0,1,1
58,7,1,0,0,toMarket,0,1,1
58,8,1,0,0,toMarket,0,0,1
58,9,1,0,0,toMarket,0,0,1
58,10,0,0,0,toMarket,0,0,1
58,11,1,0,0,toMarket,0,0,1
58,12,1,0,0,toMarket,0,0,1
58,13,1,0,0,toMarket,0,1,1
58,14,0,0,0,toMarket,0,1,1
59,0,0,0,0,toMarket,0,0,0
59,1,0,0,0,toMarket,0,0,0
59,2,0,0,0,toMarket,0,0,0
59,3,0,0,0,toMarket,0,0,0
59,4,0,1,1,toMarket,0,1,0
59,5,0,1,1,toMarket,0,0,0
59,6,0,1,1,toMarket,0,0,1
59,7,0,0,1,toMarket,0,0,1
59,8,0,0,0,toMarket,0,1,1
59,9,0,0,0,toMarket,0,0,1
59,10,0,1,1,toMarket,0,1,1
59,11,0,0,1,toMarket,0,0,1
59,12,0,0,1,toMarket,0,1,2
59,13,0,0,1,toMarket,0,0,2
59,14,0,0,1,toMarket,0,0,2
60,0,0,0,0,toMarket,0,0,0
60,1,0,0,0,toMarket,0,0,0
60,2,0,0,0,toMarket,0,1,0
60,3,0,0,0,toMarket,0,0,0
60,4,0,0,0,toMarket,0,0,0
60,5,0,0,0,toMarket,0,0,0
60,6,0,0,1,toMarket,0,0,0
60,7,0,0,1,toMarket,0,0,0
60,8,0,0,1,toMarket,0,0,1
60,9,0,0,1,toMarket,0,0,1
60,10,0,0,0,toMarket,0,1,2
60,11,0,1,1,toMarket,0,0,2
60,12,1,1,0,toMarket,0,1,3
60,13,1,0,1,toMarket,0,1,4
60,14,0,0,1,toMarket,0,1,4
61,0,0,0,0,toMarket,0,0,0
61,1,0,0,0,toMarket,0,0,0
61,2,0,0,0,toMarket,0,0,0
61,3,0,0,0,toMarket,0,0,0
61,4,0,0,0,toMarket,0,0,0
61,5,1,0,0,toMarket,0,0,0
61,6,1,0,0,toMarket,0,0,0
61,7,1,0,0,toMarket,0,0,0
61,8,0,0,1,toMarket,0,0,0
61,9,0,1,1,toMarket,0,0,0
61,10,1,0,0,toMarket,0,0,0
61,11,1,0,0,toMarket,0,0,0
61,12,1,0,0,toMarket,0,0,0
61,13,1,0,0,toMarket,0,0,0
61,14,0,0,0,toMarket,0,1,0
62,0,0,0,0,toMarket,0,0,0
62,1,0,0,0,toMarket,0,1,0
62,2,0,0,0,toMarket,0,0,0
62,3,0,0,0,toMarket,0,1,0
62,4,0,1,1,toMarket,0,1,0
62,5,0,1,0,toMarket,0,1,0
62,6,0,1,1,toMarket,0,1,0
62,7,0,1,1,toMarket,0,1,1
62,8,0,1,1,toMarket,0,0,2
62,9,0,0,1,toMarket,0,0,2
62,10,0,0,0,toMarket,0,0,2
62,11,1,0,0,toMarket,0,0,2
62,12,1,0,0,toMarket,0,1,2
62,13,1,0,0,toMarket,0,1,2
62,14,1,0,0,toMarket,0,0,2
63,0,0,0,0,toMarket,0,0,0
63,1,0,0,0,toMarket,0,1,0
63,2,0,0,0,toMarket,0,1,1
63,3,0,1,1,toMarket,0,1,2
63,4,0,0,0,toMarket,0,1,3
63,5,0,1,1,toMarket,0,0,3
63,6,1,0,0,toMarket,0,0,3
63,7,1,0,0,toMarket,0,1,3
63,8,1,0,0,toMarket,0,0,3
63,9,1,0,0,toMarket,0,0,3
63,10,1,0,0,toMarket,0,0,3
63,11,1,0,0,toMarket,0,1,3
63,12,1,0,0,toMarket,0,0,3
63,13,1,0,0,toMarket,0,0,3
63,14,1,0,0,toMarket,0,0,3
64,0,0,0,0,toMarket,0,0,0
64,1,0,0,0,toMarket,0,0,0
64,2,0,0,0,toMarket,0,1,0
64,3,0,0,0,toMarket,0,0,0
64,4,0,0,0,toMarket,0,0,0
64,5,0,1,1,toMarket,0,1,0
64,6,0,0,1,toMarket,0,1,1
64,7,0,0,1,toMarket,0,1,2
64,8,0,0,1,toMarket,0,1,3
64,9,0,1,1,toMarket,0,0,3
64,10,0,0,1,toMarket,0,1,3
64,11,0,1,1,toMarket,0,1,3
64,12,0,1,1,toMarket,0,1,4
64,13,0,1,1,toMarket,0,0,4
64,14,1,0,0,toMarket,0,0,4
65,0,0,0,0,toMarket,0,0,0
65,1,0,0,0,toMarket,0,0,0
65,2,0,0,0,toMarket,0,0,0
65,3,0,0,1,toMarket,0,0,0
65,4,0,1,1,toMarket,0,1,1
65,5,0,1,1,toMarket,0,0,2
65,6,0,1,1,toMarket,0,0,3
65,7,0,1,1,toMarket,0,0,3
65,8,0,1,1,toMarket,0,0,3
65,9,0,0,0,toMarket,0,0,3
65,10,1,0,0,toMarket,0,0,3
65,11,1,0,0,toMarket,0,0,3
65,12,1,0,0,toMarket,0,1,3
65,13,1,0,0,toMarket,0,0,3
65,14,1,0,0,toMarket,0,0,3
66,0,0,0,0,toMarket,0,0,0
66,1,0,0,0,toMarket,0,0,0
66,2,0,0,0,toMarket,0,1,0
66,3,0,0,0,toMarket,0,1,1
66,4,0,0,0,toMarket,0,1,1
66,5,0,0,1,toMarket,0,0,1
66,6,0,0,0,toMarket,0,1,2
66,7,0,1,1,toMarket,0,1,2
66,8,0,1,1,toMarket,0,0,3
66,9,0,0,1,toMarket,0,1,3
66,10,1,1,1,toMarket,0,0,4
66,11,0,1,1,toMarket,0,1,5
66,12,1,0,1,toMarket,0,1,6
66,13,0,0,0,toMarket,0,1,7
66,14,0,0,1,toMarket,0,1,7
67,0,0,0,0,toMarket,0,0,0
67,1,0,0,0,toMarket,0,1,0
67,2,0,0,0,toMarket,0,0,0
67,3,0,0,0,toMarket,0,0,0
67,4,0,0,0,toMarket,0,1,0
67,5,0,0,0,toMarket,0,1,0
67,6,0,0,0,toMarket,0,0,0
67,7,0,0,0,toMarket,0,0,0
67,8,0,0,0,toMarket,0,0,0
67,9,0,0,0,toMarket,0,0,0
67,10,0,0,0,toMarket,0,0,0
67,11,0,1,1,toMarket,0,0,0
67,12,0,0,1,toMarket,0,1,1
67,13,0,1,1,toMarket,0,0,1
67,14,1,0,0,toMarket,0,0,1
68,0,0,0,0,toMarket,0,0,0
68,1,0,0,0,toMarket,0,0,0
68,2,0,0,0,toMarket,0,1,1
68,3,0,0,1,toMarket,0,0,1
68,4,0,0,1,toMarket,0,1,1
68,5,0,1,1,toMarket,0,0,2
68,6,0,0,1,toMarket,0,1,3
68,7,0,1,1,toMarket,0,1,4
68,8,0,0,1,toMarket,0,1,4
68,9,0,0,0,toMarket,0,0,4
68,10,0,0,0,toMarket,0,1,4
68,11,0,0,1,toMarket,0,0,4
68,12,0,1,1,toMarket,0,1,5
68,13,0,1,1,toMarket,0,1,6
68,14,0,0,1,toMarket,0,1,6
69,0,0,0,0,toMarket,0,0,0
69,1,0,0,0,toMarket,0,1,0
69,2,0,0,0,toMarket,0,1,0
69,3,0,0,1,toMarket,0,0,0
69,4,0,1,0,toMarket,0,0,0
69,5,0,0,0,toMarket,0,1,0
69,6,0,0,0,toMarket,0,1,0
69,7,0,0,0,toMarket,0,1,0
69,8,0,0,0,toMarket,0,1,0
69,9,0,0,0,toMarket,0,1,0
69,10,0,0,1,toMarket,0,0,0
69,11,0,0,0,toMarket,0,0,0
69,12,0,1,0,toMarket,0,0,0
69,13,0,0,0,toMarket,0,0,0
69,14,0,0,1,toMarket,0,0,1
70,0,0,0,0,toMarket,0,0,0
70,1,0,0,0,toMarket,0,0,0
70,2,0,0,0,toMarket,0,0,0
70,3,0,1,1,toMarket,0,1,0
70,4,0,1,1,toMarket,0,0,1
70,5,1,0,0,toMarket,0,0,1
70,6,1,0,0,toMarket,0,0,1
70,7,1,0,0,toMarket,0,0,1
70,8,1,0,0,toMarket,0,0,1
70,9,1,0,0,toMarket,0,0,1
70,10,1,0,0,toMarket,0,1,1
70,11,0,0,0,toMarket,0,0,1
70,12,0,0,1,toMarket,0,1,2
70,13,0,0,1,toMarket,0,0,3
70,14,1,0,0,toMarket,0,0,3
71,0,0,0,0,toMarket,0,0,0
71,1,0,0,0,toMarket,0,0,0
71,2,0,1,1,toMarket,0,1,0
71,3,0,0,0,toMarket,0,0,0
71,4,1,0,0,toMarket,0,0,0
71,5,1,0,0,toMarket,0,0,0
71,6,1,0,0,toMarket,0,1,0
71,7,1,0,0,toMarket,0,0,1
71,8,1,1,0,toMarket,0,0,1
71,9,1,0,0,toMarket,0,0,1
71,10,1,0,0,toMarket,0,0,1
71,11,1,0,0,toMarket,0,0,1
71,12,1,0,0,toMarket,0,0,1
71,13,1,0,0,toMarket,0,0,1
71,14,1,0,0,toMarket,0,0,1
72,0,0,0,0,toMarket,0,0,0
72,1,0,0,0,toMarket,0,0,0
72,2,0,0,0,toMarket,0,0,1
72,3,0,1,1,toMarket,0,0,1
72,4,1,0,0,toMarket,0,1,2
72,5,0,1,1,toMarket,0,1,2
72,6,1,0,0,toMarket,0,0,3
72,7,1,0,0,toMarket,0,0,3
72,8,1,0,0,toMarket,0,0,3
72,9,1,0,0,toMarket,0,0,3
72,10,1,0,0,toMarket,0,0,3
72,11,1,0,0,toMarket,0,0,3
72,12,1,0,0,toMarket,0,0,3
72,13,1,0,0,toMarket,0,0,3
72,14,1,0,0,toMarket,0,0,3
73,0,0,0,0,toMarket,0,0,0
73,1,0,0,0,toMarket,0,1,0
73,2,0,1,0,toMarket,0,0,0
73,3,0,1,0,toMarket,0,0,0
73,4,0,1,1,toMarket,0,1,0
73,5,0,1,1,toMarket,0,0,1
73,6,0,1,1,toMarket,0,0,1
73,7,0,1,1,toMarket,0,0,2
73,8,0,1,1,toMarket,0,0,3
73,9,0,0,0,toMarket,0,0,3
73,10,1,0,0,toMarket,0,0,3
73,11,1,0,0,toMarket,0,0,3
73,12,1,0,0,toMarket,0,0,3
73,13,1,0,0,toMarket,0,0,3
73,14,1,0,0,toMarket,0,0,3
74,0,0,0,0,toMarket,0,0,0
74,1,0,0,0,toMarket,0,0,0
74,2,0,0,0,toMarket,0,0,0
74,3,0,0,0,toMarket,0,0,0
74,4,0,0,0,toMarket,0,0,0
74,5,1,0,0,toMarket,0,0,0
74,6,1,0,0,toMarket,0,0,0
74,7,1,0,0,toMarket,0,0,0
74,8,0,0,1,toMarket,0,0,0
74,9,0,1,1,toMarket,0,0,0
74,10,1,0,0,toMarket,0,0,0
74,11,1,0,0,toMarket,0,0,0
74,12,1,0,0,toMarket,0,0,0
74,13,1,0,0,toMarket,0,0,0
74,14,0,0,0,toMarket,0,1,0
75,0,0,0,0,toMarket,0,0,0
75,1,0,0,0,toMarket,0,0,0
75,2,0,0,0,toMarket,0,0,0
75,3,0,0,0,toMarket,0,0,0
75,4,0,0,0,toMarket,0,0,0
75,5,0,0,0,toMarket,0,0,0
75,6,0,0,0,toMarket,0,0,0
75,7,0,0,0,toMarket,0,0,0
75,8,1,0,0,toMarket,0,0,0
75,9,1,0,0,toMarket,0,0,0
75,10,1,0,0,toMarket,0,0,0
75,11,1,0,0,toMarket,0,1,0
75,12,1,0,0,toMarket,0,1,0
75,13,1,0,0,toMarket,0,0,0
75,14,1,0,0,toMarket,0,1,0



