Run,Step,InCave,InTown,InCave,InForest,Update,CurrentState,SafeChoice,SafeCount
1,0,0,0,0,1,toForest,1,0,0
1,1,0,0,1,1,toTown,3,0,0
1,2,0,0,1,0,toTown,8,0,0
1,3,0,1,1,0,toMarket,8,0,0
1,4,0,0,0,0,toTown,5,0,0
1,5,1,0,0,1,toCave,6,0,0
1,6,1,0,0,0,toTown,7,0,0
1,7,1,0,0,0,toTown,2,0,0
1,8,1,0,0,0,toTown,2,0,0
1,9,1,0,0,0,toTown,2,0,0
1,10,1,0,0,0,toTown,2,0,0
1,11,1,0,0,0,toTown,2,0,0
1,12,1,0,0,0,toTown,2,0,0
1,13,1,0,0,0,toTown,2,0,0
1,14,1,0,0,0,toTown,2,0,0
2,0,0,0,0,1,toForest,1,0,0
2,1,0,0,0,1,toTown,3,0,0
2,2,0,0,0,1,toMarket,3,0,0
2,3,0,0,0,1,toMarket,3,0,0
2,4,0,1,1,1,toMarket,3,0,0
2,5,0,1,1,0,toTown,5,0,0
2,6,1,1,1,0,toCave,6,0,0
2,7,1,1,1,0,toTown,5,0,0
2,8,1,1,1,0,toTown,2,0,0
2,9,1,0,0,0,toTown,2,0,0
2,10,1,0,0,0,toTown,2,0,0
2,11,1,0,0,0,toTown,2,0,0
2,12,1,0,0,0,toTown,2,0,0
2,13,1,0,0,0,toTown,2,0,0
2,14,1,0,0,0,toTown,2,0,0
3,0,0,0,0,1,toForest,1,0,0
3,1,0,0,0,1,toTown,3,0,0
3,2,0,1,1,1,toMarket,3,0,0
3,3,0,1,1,0,toTown,5,0,0
3,4,1,1,1,0,toCave,6,0,0
3,5,1,0,0,0,toTown,5,0,0
3,6,1,0,1,0,toTown,2,0,0
4,0,0,0,0,1,toForest,1,0,0
4,1,0,0,1,1,toTown,3,0,0
4,2,1,0,0,1,toTown,8,0,0
4,3,1,0,0,0,toTown,2,0,0
4,4,1,0,0,0,toTown,2,0,0
4,5,1,0,0,0,toTown,2,0,0
4,6,1,0,1,0,toTown,2,0,0
5,0,0,0,0,1,toForest,1,0,0
5,1,0,0,0,1,toTown,3,0,0
5,2,0,1,1,1,toMarket,3,0,0
5,3,0,1,0,0,toTown,5,0,0
5,4,1,1,1,0,toCave,6,0,0
5,5,1,0,0,0,toTown,5,0,0
5,6,1,0,0,0,toTown,2,0,0
5,7,1,0,0,0,toTown,2,0,0
5,8,1,0,1,0,toTown,2,0,0
5,9,1,0,1,0,toTown,2,0,0
6,0,0,0,0,1,toForest,1,0,0
6,1,0,1,1,1,toTown,3,0,0
6,2,0,1,1,0,toTown,5,0,0
6,3,1,1,1,1,toCave,6,0,0
6,4,1,1,1,0,toTown,5,0,0
6,5,1,1,1,0,toTown,2,0,0
6,6,1,1,1,0,toTown,2,0,0
6,7,1,1,1,0,toTown,2,0,0
7,0,0,0,0,1,toForest,1,0,0
7,1,0,0,0,1,toTown,3,0,0
7,2,0,1,1,1,toMarket,3,0,0
7,3,0,1,0,1,toTown,5,0,0
7,4,1,1,1,0,toCave,6,0,0
7,5,1,1,1,0,toTown,5,0,0
7,6,1,1,1,0,toTown,2,0,0
7,7,1,1,1,0,toTown,2,0,0
7,8,1,0,1,0,toTown,2,0,0
7,9,1,0,1,0,toTown,2,0,0
7,10,1,1,1,0,toTown,2,0,0
7,11,1,1,1,0,toTown,2,0,0
7,12,1,0,1,0,toTown,2,0,0
7,13,1,1,1,0,toTown,2,0,0
7,14,1,0,1,0,toTown,2,0,0
8,0,0,0,0,1,toForest,1,0,0
8,1,0,0,1,0,toTown,3,0,0
8,2,0,0,1,0,toTown,8,0,0
8,3,0,0,1,0,toMarket,8,0,0
8,4,0,0,1,0,toMarket,8,0,0
8,5,0,0,1,0,toMarket,8,0,0
8,6,0,1,1,0,toMarket,8,0,0
8,7,0,1,1,0,toTown,5,0,0
8,8,1,0,0,0,toCave,6,0,0
8,9,1,0,0,0,toTown,7,0,0
8,10,1,0,0,0,toTown,2,0,0
8,11,1,0,0,0,toTown,2,0,0
8,12,1,0,1,0,toTown,2,0,0
8,13,1,1,1,0,toTown,2,0,0
8,14,1,0,1,0,toTown,2,0,0
9,0,0,0,0,1,toForest,1,0,0
9,1,0,0,0,1,toTown,3,0,0
9,2,0,0,0,1,toMarket,3,0,0
9,3,0,1,1,0,toMarket,3,0,0
9,4,0,0,1,0,toTown,5,0,0
9,5,1,0,0,1,toCave,6,0,0
9,6,1,0,0,0,toTown,7,0,0
9,7,1,0,0,0,toTown,2,0,0
9,8,1,0,0,0,toTown,2,0,0
9,9,1,0,0,0,toTown,2,0,0
9,10,1,0,1,0,toTown,2,0,0
9,11,1,0,1,0,toTown,2,0,0
10,0,0,0,0,1,toForest,1,0,0
10,1,0,0,1,1,toTown,3,0,0
10,2,0,0,1,0,toTown,8,0,0
10,3,0,0,0,0,toMarket,8,0,0
10,4,0,0,0,0,toMarket,8,0,0
10,5,0,0,0,0,toMarket,8,0,0
10,6,0,0,0,0,toMarket,8,0,0
10,7,0,0,0,1,toMarket,8,0,0
10,8,0,0,0,0,toMarket,8,0,0
10,9,0,0,0,0,toMarket,8,0,0
10,10,0,1,1,1,toMarket,8,0,0
10,11,0,1,1,0,toTown,5,0,0
10,12,1,0,0,0,toCave,6,0,0
10,13,1,1,1,0,toTown,7,0,0
10,14,1,0,0,0,toTown,2,0,0
11,0,0,0,0,1,toForest,1,0,0
11,1,0,0,1,1,toTown,3,0,0
11,2,0,0,0,1,toTown,8,0,0
11,3,0,0,0,1,toMarket,8,0,0
11,4,1,1,1,0,toMarket,8,0,0
11,5,1,1,1,0,toMarket,2,0,0
11,6,1,1,1,0,toMarket,2,0,0
12,0,0,0,0,1,toForest,1,0,0
12,1,0,0,1,1,toTown,3,0,0
12,2,0,0,1,0,toTown,8,0,0
12,3,0,0,0,0,toMarket,8,0,0
12,4,0,0,0,0,toMarket,8,0,0
12,5,0,0,0,0,toMarket,8,0,0
12,6,0,0,0,0,toMarket,8,0,0
12,7,0,0,0,0,toMarket,8,0,0
12,8,0,1,1,0,toMarket,8,0,0
12,9,0,1,1,0,toTown,5,0,0
12,10,1,1,1,0,toCave,6,0,0
12,11,1,0,0,0,toTown,5,0,0
12,12,1,0,0,0,toTown,2,0,0
12,13,1,0,0,0,toTown,2,0,0
12,14,1,0,0,0,toTown,2,0,0
13,0,0,0,0,1,toForest,1,0,0
13,1,0,0,1,1,toTown,3,0,0
13,2,0,0,1,0,toTown,8,0,0
13,3,0,1,0,0,toMarket,8,0,0
13,4,0,0,0,0,toMarket,5,0,0
13,5,1,0,0,0,toCave,6,0,0
13,6,1,0,0,0,toTown,7,0,0
13,7,1,1,1,0,toTown,2,0,0
13,8,1,0,0,0,toTown,2,0,0
13,9,1,0,0,0,toTown,2,0,0
13,10,1,0,0,0,toTown,2,0,0
13,11,1,0,0,0,toTown,2,0,0
13,12,1,0,0,0,toTown,2,0,0
14,0,0,0,0,1,toForest,1,0,0
14,1,0,0,0,1,toTown,3,0,0
14,2,0,1,1,1,toMarket,3,0,0
14,3,0,1,1,0,toTown,5,0,0
14,4,1,1,1,0,toCave,6,0,0
14,5,1,0,1,1,toTown,5,0,0
14,6,1,0,0,0,toTown,2,0,0
14,7,1,0,0,0,toTown,2,0,0
14,8,1,0,0,0,toTown,2,0,0
15,0,0,0,1,1,toForest,1,0,0
15,1,0,0,0,1,toTown,8,0,0
15,2,0,1,0,1,toMarket,8,0,0
15,3,0,1,0,1,toMarket,5,0,0
15,4,1,0,0,0,toCave,6,0,0
15,5,1,0,0,0,toTown,7,0,0
15,6,1,0,0,0,toTown,2,0,0
15,7,1,0,0,0,toTown,2,0,0
15,8,1,0,0,0,toTown,2,0,0
16,0,0,0,0,1,toForest,1,0,0
16,1,0,0,1,0,toTown,3,0,0
16,2,0,0,0,0,toTown,8,0,0
16,3,0,1,1,0,toMarket,8,0,0
16,4,0,1,1,0,toTown,5,0,0
16,5,1,0,0,0,toCave,6,0,0
16,6,1,0,0,0,toTown,7,0,0
16,7,1,0,0,0,toTown,2,0,0
16,8,1,0,1,0,toTown,2,0,0
16,9,1,0,1,0,toTown,2,0,0
16,10,1,0,1,0,toTown,2,0,0
17,0,0,0,0,1,toForest,1,0,0
17,1,0,0,1,0,toTown,3,0,0
17,2,0,0,1,0,toTown,8,0,0
17,3,0,0,0,0,toMarket,8,0,0
17,4,0,0,1,0,toMarket,8,0,0
17,5,0,1,1,0,toMarket,8,0,0
17,6,0,1,1,0,toTown,5,0,0
17,7,1,0,0,0,toCave,6,0,0
17,8,1,0,1,0,toTown,7,0,0
17,9,1,0,1,0,toTown,2,0,0
17,10,1,0,0,0,toTown,2,0,0
17,11,1,0,0,0,toTown,2,0,0
17,12,1,0,0,0,toTown,2,0,0
17,13,1,0,1,0,toTown,2,0,0
17,14,1,0,1,0,toTown,2,0,0
18,0,0,0,0,1,toForest,1,0,0
18,1,0,0,0,1,toTown,3,0,0
18,2,0,1,1,1,toMarket,3,0,0
18,3,0,1,1,0,toTown,5,0,0
18,4,1,1,1,0,toCave,6,0,0
18,5,1,0,0,1,toTown,5,0,0
18,6,1,0,1,0,toTown,2,0,0
18,7,1,0,1,0,toTown,2,0,0
18,8,1,0,1,0,toTown,2,0,0
18,9,1,0,1,0,toTown,2,0,0
19,0,0,0,0,1,toForest,1,0,0
19,1,0,0,0,1,toTown,3,0,0
19,2,0,0,0,1,toMarket,3,0,0
19,3,0,0,0,1,toMarket,3,0,0
19,4,0,1,0,0,toMarket,3,0,0
20,5,0,1,1,0,toTown,4,0,0
20,6,0,0,1,0,toTown,5,0,0
20,7,1,0,1,1,toCave,6,0,0
20,8,1,0,0,0,toTown,8,0,0
20,9,1,0,1,0,toTown,2,0,0
20,10,1,0,1,0,toTown,2,0,0
20,11,1,0,1,0,toTown,2,0,0
20,12,1,0,0,0,toTown,2,0,0
20,13,1,0,1,0,toTown,2,0,0
20,14,1,0,1,0,toTown,2,0,0
21,0,0,0,0,1,toForest,1,0,0
21,1,0,0,1,1,toTown,3,0,0
21,2,0,0,0,1,toTown,8,0,0
21,3,0,1,1,1,toMarket,8,0,0
21,4,0,1,1,0,toTown,5,0,0
21,5,1,0,0,1,toCave,6,0,0
21,6,1,0,0,0,toTown,7,0,0
21,7,1,0,0,0,toTown,2,0,0
21,8,1,0,0,0,toTown,2,0,0
22,0,0,0,0,1,toForest,1,0,0
22,1,0,0,1,1,toTown,3,0,0
22,2,0,0,1,0,toTown,8,0,0
22,3,0,1,1,1,toMarket,8,0,0
22,4,0,0,1,1,toTown,5,0,0
22,5,1,0,0,1,toCave,6,0,0
22,6,1,0,0,0,toTown,7,0,0
22,7,1,0,0,0,toTown,2,0,0
22,8,1,0,0,0,toTown,2,0,0
22,9,1,0,1,0,toTown,2,0,0
22,10,1,0,1,0,toTown,2,0,0
22,11,1,0,1,0,toTown,2,0,0
22,12,1,0,0,1,toTown,2,0,0
22,13,1,0,0,1,toTown,2,0,0
22,14,1,0,0,1,toTown,2,0,0
23,0,0,0,0,1,toForest,1,0,0
23,1,0,0,0,1,toTown,3,0,0
23,2,0,1,1,1,toMarket,3,0,0
23,3,0,1,1,0,toTown,5,0,0
23,4,1,0,0,0,toCave,6,0,0
23,5,1,0,0,0,toTown,7,0,0
23,6,1,0,0,0,toTown,2,0,0
23,7,1,0,0,0,toTown,2,0,0
23,8,1,0,1,0,toTown,2,0,0
24,0,0,0,0,1,toForest,1,0,0
24,1,0,0,1,1,toTown,3,0,0
24,2,0,0,0,1,toTown,8,0,0
24,3,0,0,0,1,toMarket,8,0,0
24,4,0,0,0,1,toMarket,8,0,0
24,5,0,1,1,0,toMarket,8,0,0
24,6,0,0,1,1,toTown,5,0,0
24,7,1,0,1,0,toCave,6,0,0
24,8,1,0,0,0,toTown,8,0,0
24,9,1,0,0,0,toTown,2,0,0
24,10,1,0,0,0,toTown,2,0,0
24,11,1,0,1,0,toTown,2,0,0
24,12,1,1,1,0,toTown,2,0,0
24,13,1,0,1,0,toTown,2,0,0
24,14,1,0,1,0,toTown,2,0,0
25,0,0,0,0,1,toForest,1,0,0
25,1,0,1,1,0,toTown,3,0,0
25,2,0,0,1,0,toTown,5,0,0
25,3,1,0,0,1,toCave,6,0,0
25,4,1,0,0,1,toTown,7,0,0
25,5,1,0,0,0,toTown,2,0,0
25,6,1,0,0,0,toTown,2,0,0
25,7,1,0,0,0,toTown,2,0,0
25,8,1,0,1,0,toTown,2,0,0
25,9,1,0,0,1,toTown,2,0,0
26,0,0,0,0,1,toForest,1,0,0
26,1,0,0,1,1,toTown,3,0,0
26,2,0,1,1,1,toTown,8,0,0
26,3,0,0,0,0,toTown,5,0,0
26,4,1,0,1,1,toCave,6,0,0
26,5,1,0,0,0,toTown,8,0,0
26,6,1,0,1,0,toTown,2,0,0
26,7,1,0,1,0,toTown,2,0,0
26,8,1,0,1,0,toTown,2,0,0
26,9,1,0,1,0,toTown,2,0,0
26,10,1,1,1,0,toTown,2,0,0
26,11,1,0,1,0,toTown,2,0,0
27,0,0,0,0,1,toForest,1,0,0
27,1,0,0,0,1,toTown,3,0,0
27,2,0,1,1,0,toMarket,3,0,0
27,3,0,1,0,0,toTown,5,0,0
27,4,1,0,0,0,toCave,6,0,0
27,5,1,0,0,0,toTown,7,0,0
27,6,1,0,0,0,toTown,2,0,0
27,7,1,0,0,0,toTown,2,0,0
27,8,1,0,0,0,toTown,2,0,0
27,9,1,0,1,0,toTown,2,0,0
27,10,1,0,1,0,toTown,2,0,0
27,11,1,0,1,0,toTown,2,0,0
28,0,0,0,0,1,toForest,1,0,0
28,1,0,0,0,0,toTown,3,0,0
28,2,0,1,1,0,toMarket,3,0,0
28,3,0,1,1,0,toTown,5,0,0
28,4,1,1,1,0,toCave,6,0,0
28,5,1,0,0,0,toTown,5,0,0
28,6,1,0,0,0,toTown,2,0,0
28,7,1,0,0,0,toTown,2,0,0
28,8,1,0,0,0,toTown,2,0,0
28,9,1,0,0,0,toTown,2,0,0
28,10,1,1,1,0,toTown,2,0,0
28,11,1,1,1,0,toTown,2,0,0
29,0,0,0,0,1,toForest,1,0,0
29,1,0,0,0,0,toTown,3,0,0
29,2,0,0,0,1,toMarket,3,0,0
29,3,0,1,1,1,toMarket,3,0,0
29,4,0,1,0,1,toTown,5,0,0
29,5,1,0,0,0,toCave,6,0,0
29,6,1,0,0,0,toTown,7,0,0
29,7,1,0,0,0,toTown,2,0,0
29,8,1,0,0,0,toTown,2,0,0
29,9,1,0,0,0,toTown,2,0,0
30,0,0,0,0,1,toForest,1,0,0
30,1,0,0,1,1,toTown,3,0,0
30,2,0,0,0,1,toTown,8,0,0
30,3,0,0,1,1,toMarket,8,0,0
30,4,0,1,1,1,toMarket,8,0,0
30,5,0,1,1,0,toTown,5,0,0
30,6,1,0,0,1,toCave,6,0,0
30,7,1,0,0,0,toTown,7,0,0
30,8,1,0,0,0,toTown,2,0,0
30,9,1,0,0,0,toTown,2,0,0
30,10,1,0,0,0,toTown,2,0,0
30,11,1,0,0,0,toTown,2,0,0
30,12,1,0,1,0,toTown,2,0,0
30,13,1,0,1,0,toTown,2,0,0
30,14,1,0,1,0,toTown,2,0,0
31,0,0,0,0,1,toForest,1,0,0
31,1,1,0,0,0,toTown,3,0,0
31,2,1,0,1,0,toTown,2,0,0
31,3,1,0,1,0,toTown,2,0,0
31,4,1,0,1,0,toTown,2,0,0
31,5,1,0,0,1,toTown,2,0,0
31,6,1,0,0,1,toTown,2,0,0
31,7,1,0,1,0,toTown,2,0,0
31,8,1,1,1,0,toTown,2,0,0
31,9,1,0,1,0,toTown,2,0,0
31,10,1,0,0,0,toTown,2,0,0
32,0,0,0,0,1,toForest,1,0,0
32,1,0,0,0,1,toTown,3,0,0
32,2,0,0,0,1,toMarket,3,0,0
32,3,0,1,1,1,toMarket,3,0,0
32,4,0,0,1,0,toTown,5,0,0
32,5,1,0,0,0,toCave,6,0,0
32,6,1,0,0,0,toTown,7,0,0
32,7,1,0,0,0,toTown,2,0,0
32,8,1,0,0,0,toTown,2,0,0
32,9,1,0,0,0,toTown,2,0,0
32,10,1,0,0,0,toTown,2,0,0
32,11,1,0,0,0,toTown,2,0,0
32,12,1,0,1,0,toTown,2,0,0
32,13,1,0,1,0,toTown,2,0,0
32,14,1,0,1,0,toTown,2,0,0
33,0,0,0,0,1,toForest,1,0,0
33,1,0,0,0,1,toTown,3,0,0
33,2,0,1,1,1,toMarket,3,0,0
33,3,0,1,1,1,toTown,5,0,0
33,4,1,1,1,0,toCave,6,0,0
33,5,1,1,1,0,toTown,5,0,0
34,0,0,0,0,1,toForest,1,0,0
34,1,0,0,0,1,toTown,3,0,0
34,2,0,1,1,1,toMarket,3,0,0
34,3,0,1,1,0,toTown,5,0,0
34,4,1,0,0,1,toCave,6,0,0
34,5,1,0,0,0,toTown,7,0,0
34,6,1,0,0,1,toTown,2,0,0
34,7,1,0,1,1,toTown,2,0,0
34,8,1,0,1,0,toTown,2,0,0
34,9,1,0,1,0,toTown,2,0,0
34,10,1,0,1,0,toTown,2,0,0
35,0,0,0,0,1,toForest,1,0,0
35,1,0,0,1,1,toTown,3,0,0
35,2,0,0,1,0,toTown,8,0,0
35,3,0,0,1,0,toMarket,8,0,0
35,4,0,1,1,0,toMarket,8,0,0
35,5,0,1,1,0,toTown,5,0,0
35,6,1,1,1,0,toCave,6,0,0
35,7,1,0,0,0,toTown,5,0,0
35,8,1,0,0,0,toTown,2,0,0
35,9,1,0,0,0,toTown,2,0,0
36,0,0,0,0,1,toForest,1,0,0
36,1,0,0,1,1,toTown,3,0,0
36,2,0,0,1,0,toTown,8,0,0
36,3,0,0,1,0,toMarket,8,0,0
36,4,0,0,1,0,toMarket,8,0,0
36,5,0,1,1,0,toMarket,8,0,0
36,6,0,0,1,0,toTown,5,0,0
36,7,1,0,0,1,toCave,6,0,0
36,8,1,0,0,1,toTown,7,0,0
36,9,1,0,1,0,toTown,2,0,0
36,10,1,0,1,0,toTown,2,0,0
37,0,0,0,0,1,toForest,1,0,0
37,1,0,1,1,0,toTown,3,0,0
37,2,0,0,1,0,toTown,5,0,0
37,3,1,0,1,1,toCave,6,0,0
37,4,1,0,0,0,toTown,8,0,0
37,5,1,0,0,0,toTown,2,0,0
37,6,1,0,0,0,toTown,2,0,0
37,7,1,0,1,0,toTown,2,0,0
37,8,1,1,1,0,toTown,2,0,0
38,0,0,0,0,1,toForest,1,0,0
38,1,0,0,1,1,toTown,3,0,0
38,2,0,0,1,0,toTown,8,0,0
38,3,0,0,1,0,toMarket,8,0,0
38,4,0,0,1,0,toMarket,8,0,0
38,5,0,0,1,0,toMarket,8,0,0
38,6,0,1,0,1,toMarket,8,0,0
38,7,0,0,0,0,toMarket,5,0,0
38,8,1,0,0,0,toCave,6,0,0
38,9,1,0,0,0,toTown,7,0,0
38,10,1,0,1,0,toTown,2,0,0
38,11,1,0,1,0,toTown,2,0,0
38,12,1,0,1,0,toTown,2,0,0
38,13,1,1,1,0,toTown,2,0,0
39,0,0,0,0,1,toForest,1,0,0
39,1,0,0,0,1,toTown,3,0,0
39,2,0,1,1,1,toMarket,3,0,0
39,3,0,1,1,0,toTown,5,0,0
39,4,1,1,0,0,toCave,6,0,0
39,5,1,0,0,0,toTown,7,0,0
39,6,1,0,0,0,toTown,2,0,0
39,7,1,1,1,0,toTown,2,0,0
39,8,1,0,1,0,toTown,2,0,0
39,9,1,0,0,0,toTown,2,0,0
39,10,1,0,0,0,toTown,2,0,0
40,0,0,0,0,1,toForest,1,0,0
40,1,0,0,0,1,toTown,3,0,0
40,2,0,1,1,0,toMarket,3,0,0
40,3,0,1,1,0,toTown,5,0,0
40,4,1,1,1,0,toCave,6,0,0
40,5,1,0,1,0,toTown,5,0,0
40,6,1,1,1,0,toTown,2,0,0
40,7,1,1,1,0,toTown,2,0,0
40,8,1,1,1,0,toTown,2,0,0
40,9,1,1,1,0,toTown,2,0,0
40,10,1,1,1,0,toTown,2,0,0
40,11,1,1,1,0,toTown,2,0,0
40,12,1,1,1,0,toTown,2,0,0
41,0,0,0,0,1,toForest,1,0,0
41,1,0,0,0,1,toTown,3,0,0
41,2,0,1,1,1,toMarket,3,0,0
41,3,0,1,1,0,toTown,5,0,0
41,4,1,0,0,1,toCave,6,0,0
41,5,1,1,1,1,toTown,7,0,0
41,6,1,0,0,0,toTown,2,0,0
41,7,1,0,0,0,toTown,2,0,0
41,8,1,0,0,0,toTown,2,0,0
41,9,1,0,0,0,toTown,2,0,0
41,10,1,0,0,0,toTown,2,0,0
42,0,0,0,0,1,toForest,1,0,0
42,1,0,0,1,1,toTown,3,0,0
42,2,0,0,0,1,toTown,8,0,0
42,3,0,1,1,0,toMarket,8,0,0
42,4,0,0,0,0,toTown,5,0,0
42,5,1,0,0,0,toCave,6,0,0
42,6,1,0,0,1,toTown,7,0,0
42,7,1,1,1,0,toTown,2,0,0
42,8,1,0,1,0,toTown,2,0,0
42,9,1,0,0,0,toTown,2,0,0
42,10,1,0,0,0,toTown,2,0,0
42,11,1,0,0,0,toTown,2,0,0
42,12,1,0,1,0,toTown,2,0,0
43,0,0,0,0,1,toForest,1,0,0
43,1,0,0,1,0,toTown,3,0,0
43,2,0,1,1,0,toTown,8,0,0
43,3,0,1,1,0,toTown,5,0,0
43,4,1,0,0,0,toCave,6,0,0
43,5,1,0,0,0,toTown,7,0,0
43,6,1,0,0,0,toTown,2,0,0
43,7,1,0,0,0,toTown,2,0,0
43,8,1,0,1,0,toTown,2,0,0
43,9,1,0,0,0,toTown,2,0,0
44,0,0,0,0,1,toForest,1,0,0
44,1,0,0,0,1,toTown,3,0,0
44,2,0,0,0,1,toMarket,3,0,0
44,3,0,1,1,0,toMarket,3,0,0
44,4,0,1,1,0,toTown,5,0,0
44,5,1,1,1,0,toCave,6,0,0
44,6,1,0,0,0,toTown,5,0,0
44,7,1,0,0,0,toTown,2,0,0
44,8,1,0,0,0,toTown,2,0,0
44,9,1,0,1,0,toTown,2,0,0
44,10,1,0,1,0,toTown,2,0,0
44,11,1,0,0,0,toTown,2,0,0
44,12,1,0,1,0,toTown,2,0,0
44,13,1,0,0,0,toTown,2,0,0
44,14,1,0,0,0,toTown,2,0,0
45,0,0,0,0,1,toForest,1,0,0
45,1,0,1,1,1,toTown,3,0,0
45,2,0,0,1,0,toTown,5,0,0
45,3,1,0,1,0,toCave,6,0,0
45,4,1,1,1,0,toTown,8,0,0
45,5,1,0,0,0,toTown,2,0,0
45,6,1,0,1,0,toTown,2,0,0
45,7,1,0,1,1,toTown,2,0,0
45,8,1,0,0,1,toTown,2,0,0
45,9,1,0,0,1,toTown,2,0,0
45,10,1,0,0,1,toTown,2,0,0
46,0,0,0,0,1,toForest,1,0,0
46,1,0,0,0,1,toTown,3,0,0
46,2,0,0,0,1,toMarket,3,0,0
46,3,0,0,0,0,toMarket,3,0,0
46,4,0,0,0,0,toMarket,3,0,0
46,5,0,0,0,1,toMarket,3,0,0
46,6,0,0,0,1,toMarket,3,0,0
46,7,0,0,0,1,toMarket,3,0,0
46,8,0,1,1,1,toMarket,3,0,0
46,9,0,1,1,0,toTown,5,0,0
46,10,1,0,0,1,toCave,6,0,0
46,11,1,0,0,0,toTown,7,0,0
46,12,1,0,0,0,toTown,2,0,0
46,13,1,0,0,1,toTown,2,0,0
46,14,1,0,1,0,toTown,2,0,0
47,0,0,0,0,1,toForest,1,0,0
47,1,0,0,0,1,toTown,3,0,0
47,2,0,0,0,1,toMarket,3,0,0
47,3,0,1,1,1,toMarket,3,0,0
47,4,0,1,1,0,toTown,5,0,0
47,5,1,1,1,0,toCave,6,0,0
47,6,1,0,1,0,toTown,5,0,0
47,7,1,0,1,0,toTown,2,0,0
47,8,1,0,1,0,toTown,2,0,0
47,9,1,0,0,0,toTown,2,0,0
47,10,1,0,1,0,toTown,2,0,0
47,11,1,0,1,0,toTown,2,0,0
47,12,1,0,0,0,toTown,2,0,0
47,13,1,0,1,1,toTown,2,0,0
47,14,1,0,0,1,toTown,2,0,0
48,0,0,0,0,1,toForest,1,0,0
48,1,0,0,0,1,toTown,3,0,0
48,2,0,1,1,1,toMarket,3,0,0
48,3,0,1,1,0,toTown,5,0,0
48,4,1,0,0,1,toCave,6,0,0
48,5,1,0,0,0,toTown,7,0,0
48,6,1,0,0,0,toTown,2,0,0
49,0,0,0,0,1,toForest,1,0,0
49,1,0,0,1,1,toTown,3,0,0
49,2,0,0,0,1,toTown,8,0,0
49,3,0,1,1,0,toMarket,8,0,0
49,4,0,1,1,0,toTown,5,0,0
49,5,1,0,0,1,toCave,6,0,0
49,6,1,0,0,0,toTown,7,0,0
49,7,1,0,1,0,toTown,2,0,0
49,8,1,0,1,0,toTown,2,0,0
49,9,1,0,0,0,toTown,2,0,0
49,10,1,0,0,0,toTown,2,0,0
49,11,1,0,0,0,toTown,2,0,0
49,12,1,0,0,0,toTown,2,0,0
49,13,1,0,1,1,toTown,2,0,0
49,14,1,1,1,0,toTown,2,0,0
50,0,0,0,0,1,toForest,1,0,0
50,1,0,0,0,1,toTown,3,0,0
50,2,0,1,1,0,toMarket,3,0,0
50,3,0,1,1,0,toTown,5,0,0
50,4,1,0,0,0,toCave,6,0,0
50,5,1,0,0,1,toTown,7,0,0
50,6,1,0,1,0,toTown,2,0,0
50,7,1,0,1,0,toTown,2,0,0
50,8,1,0,1,0,toTown,2,0,0
50,9,1,0,1,0,toTown,2,0,0
50,10,1,0,1,0,toTown,2,0,0
50,11,1,0,1,0,toTown,2,0,0
50,12,1,0,0,0,toTown,2,0,0
50,13,1,1,1,0,toTown,2,0,0
50,14,1,1,1,0,toTown,2,0,0
51,0,0,0,0,1,toForest,1,0,0
51,1,0,0,1,1,toTown,3,0,0
51,2,0,0,1,0,toTown,8,0,0
51,3,0,1,1,0,toMarket,8,0,0
51,4,0,1,1,0,toTown,5,0,0
51,5,1,0,0,0,toCave,6,0,0
51,6,1,0,0,0,toTown,7,0,0
51,7,1,0,0,0,toTown,2,0,0
51,8,1,1,1,1,toTown,2,0,0
51,9,1,1,1,0,toTown,2,0,0
52,0,0,0,0,1,toForest,1,0,0
52,1,0,0,1,1,toTown,3,0,0
52,2,0,0,0,1,toTown,8,0,0
52,3,0,1,0,1,toMarket,8,0,0
52,4,0,0,0,1,toMarket,5,0,0
52,5,1,0,0,1,toCave,6,0,0
52,6,1,0,0,0,toTown,7,0,0
52,7,1,0,0,0,toTown,2,0,0
52,8,1,0,0,0,toTown,2,0,0
52,9,1,0,1,0,toTown,2,0,0
52,10,1,0,0,0,toTown,2,0,0
52,11,1,0,0,0,toTown,2,0,0
52,12,1,0,0,0,toTown,2,0,0
52,13,1,0,0,0,toTown,2,0,0
52,14,1,0,1,1,toTown,2,0,0
53,0,0,0,0,1,toForest,1,0,0
53,1,0,0,1,1,toTown,3,0,0
53,2,0,0,1,0,toTown,8,0,0
53,3,0,0,0,0,toMarket,8,0,0
53,4,1,0,0,0,toMarket,8,0,0
53,5,1,0,1,1,toMarket,2,0,0
53,6,1,0,1,0,toMarket,2,0,0
53,7,1,1,0,0,toMarket,2,0,0
53,8,1,1,1,0,toMarket,2,0,0
53,9,1,1,1,0,toMarket,2,0,0
53,10,1,1,1,0,toMarket,2,0,0
53,11,1,1,1,0,toMarket,2,0,0
53,12,1,1,1,0,toMarket,2,0,0
53,13,1,1,1,0,toMarket,2,0,0
53,14,1,1,1,0,toMarket,2,0,0
54,0,0,0,0,1,toForest,1,0,0
54,1,0,0,1,1,toTown,3,0,0
54,2,0,0,0,1,toTown,8,0,0
54,3,0,0,0,1,toMarket,8,0,0
54,4,0,1,0,1,toMarket,8,0,0
54,5,0,1,1,0,toMarket,5,0,0
54,6,1,0,0,0,toCave,6,0,0
54,7,1,0,0,0,toTown,7,0,0
54,8,1,1,1,0,toTown,2,0,0
54,9,1,1,1,0,toTown,2,0,0
55,0,0,0,0,1,toForest,1,0,0
55,1,0,0,1,1,toTown,3,0,0
55,2,0,0,1,0,toTown,8,0,0
55,3,0,1,1,0,toMarket,8,0,0
55,4,0,1,1,0,toTown,5,0,0
55,5,1,0,1,0,toCave,6,0,0
55,6,1,0,0,0,toTown,8,0,0
55,7,1,0,1,0,toTown,2,0,0
55,8,1,0,1,0,toTown,2,0,0
55,9,1,0,0,0,toTown,2,0,0
55,10,1,0,0,0,toTown,2,0,0
55,11,1,0,1,0,toTown,2,0,0
55,12,1,0,1,0,toTown,2,0,0
55,13,1,0,1,1,toTown,2,0,0
55,14,1,0,1,0,toTown,2,0,0
56,0,0,0,1,1,toForest,1,0,0
56,1,0,0,0,1,toTown,8,0,0
56,2,0,1,1,0,toMarket,8,0,0
56,3,0,1,1,0,toTown,5,0,0
56,4,1,1,1,0,toCave,6,0,0
56,5,1,1,1,0,toTown,5,0,0
56,6,1,0,0,0,toTown,2,0,0
56,7,1,0,0,0,toTown,2,0,0
56,8,1,0,0,0,toTown,2,0,0
56,9,1,0,0,0,toTown,2,0,0
56,10,1,0,1,0,toTown,2,0,0
56,11,1,0,1,0,toTown,2,0,0
56,12,1,0,1,0,toTown,2,0,0
56,13,1,1,1,0,toTown,2,0,0
56,14,1,0,1,0,toTown,2,0,0
57,0,0,0,1,1,toForest,1,0,0
57,1,0,0,0,1,toTown,8,0,0
57,2,0,1,1,0,toMarket,8,0,0
57,3,0,0,1,0,toTown,5,0,0
57,4,1,1,1,0,toCave,6,0,0
57,5,1,0,0,0,toTown,5,0,0
57,6,1,0,0,0,toTown,2,0,0
58,0,0,0,0,1,toForest,1,0,0
58,1,0,0,0,1,toTown,3,0,0
58,2,0,1,0,1,toMarket,3,0,0
58,3,0,1,1,0,toTown,4,0,0
58,4,0,1,1,0,toTown,5,0,0
58,5,1,1,1,0,toCave,6,0,0
58,6,1,0,0,1,toTown,5,0,0
58,7,1,0,0,0,toTown,2,0,0
58,8,1,0,1,0,toTown,2,0,0
58,9,1,0,1,0,toTown,2,0,0
58,10,1,0,1,0,toTown,2,0,0
58,11,1,0,0,0,toTown,2,0,0
58,12,1,0,0,0,toTown,2,0,0
58,13,1,0,0,0,toTown,2,0,0
58,14,1,0,1,0,toTown,2,0,0
59,0,0,0,0,1,toForest,1,0,0
59,1,0,0,0,1,toTown,3,0,0
59,2,0,1,1,1,toMarket,3,0,0
59,3,0,1,1,0,toTown,5,0,0
59,4,1,1,1,0,toCave,6,0,0
59,5,1,0,0,0,toTown,5,0,0
59,6,1,0,0,0,toTown,2,0,0
59,7,1,0,1,0,toTown,2,0,0
59,8,1,0,1,0,toTown,2,0,0
59,9,1,0,1,0,toTown,2,0,0
59,10,1,0,1,0,toTown,2,0,0
59,11,1,0,1,0,toTown,2,0,0
59,12,1,0,1,0,toTown,2,0,0
59,13,1,0,1,0,toTown,2,0,0
59,14,1,0,1,0,toTown,2,0,0
60,0,0,0,0,1,toForest,1,0,0
60,1,0,0,0,1,toTown,3,0,0
60,2,0,1,1,0,toMarket,3,0,0
60,3,0,1,1,0,toTown,5,0,0
60,4,1,0,0,0,toCave,6,0,0
60,5,1,0,0,1,toTown,7,0,0
60,6,1,0,0,0,toTown,2,0,0
60,7,1,0,0,0,toTown,2,0,0
60,8,1,0,1,0,toTown,2,0,0
60,9,1,0,1,0,toTown,2,0,0
60,10,1,0,1,0,toTown,2,0,0
60,11,1,0,1,0,toTown,2,0,0
60,12,1,0,1,0,toTown,2,0,0
61,0,0,0,0,1,toForest,1,0,0
61,1,0,0,1,1,toTown,3,0,0
61,2,0,0,0,1,toTown,8,0,0
61,3,0,0,0,0,toMarket,8,0,0
61,4,0,0,1,0,toMarket,8,0,0
61,5,0,1,1,0,toMarket,8,0,0
61,6,0,1,1,0,toTown,5,0,0
61,7,1,0,0,0,toCave,6,0,0
61,8,1,0,0,0,toTown,7,0,0
61,9,1,0,1,0,toTown,2,0,0
61,10,1,0,1,0,toTown,2,0,0
61,11,1,0,1,0,toTown,2,0,0
61,12,1,0,1,0,toTown,2,0,0
61,13,1,0,1,0,toTown,2,0,0
61,14,1,0,1,0,toTown,2,0,0
62,0,0,0,0,1,toForest,1,0,0
62,1,0,0,0,1,toTown,3,0,0
62,2,0,0,0,1,toMarket,3,0,0
62,3,0,1,1,1,toMarket,3,0,0
62,4,0,1,1,0,toTown,5,0,0
62,5,1,0,0,1,toCave,6,0,0
62,6,1,0,0,0,toTown,7,0,0
62,7,1,0,0,0,toTown,2,0,0
62,8,1,0,0,0,toTown,2,0,0
62,9,1,0,0,0,toTown,2,0,0
62,10,1,0,0,0,toTown,2,0,0
62,11,1,0,1,0,toTown,2,0,0
62,12,1,1,1,0,toTown,2,0,0
62,13,1,0,1,0,toTown,2,0,0
62,14,1,1,1,0,toTown,2,0,0
63,0,0,0,0,1,toForest,1,0,0
63,1,0,1,1,0,toTown,3,0,0
63,2,0,0,0,1,toTown,5,0,0
63,3,1,0,0,1,toCave,6,0,0
63,4,1,0,0,0,toTown,7,0,0
63,5,1,0,0,0,toTown,2,0,0
63,6,1,0,0,0,toTown,2,0,0
63,7,1,0,0,0,toTown,2,0,0
63,8,1,1,1,0,toTown,2,0,0
63,9,1,0,1,0,toTown,2,0,0
63,10,1,0,1,0,toTown,2,0,0
63,11,1,0,1,0,toTown,2,0,0
63,12,1,0,1,0,toTown,2,0,0
63,13,1,0,1,0,toTown,2,0,0
63,14,1,0,1,0,toTown,2,0,0
64,0,0,0,0,1,toForest,1,0,0
64,1,0,0,1,1,toTown,3,0,0
64,2,0,0,1,0,toTown,8,0,0
64,3,0,0,0,0,toMarket,8,0,0
64,4,0,1,1,0,toMarket,8,0,0
64,5,0,1,1,0,toTown,5,0,0
64,6,1,1,1,0,toCave,6,0,0
64,7,1,0,0,0,toTown,5,0,0
64,8,1,0,0,0,toTown,2,0,0
64,9,1,0,0,0,toTown,2,0,0
64,10,1,1,1,0,toTown,2,0,0
64,11,1,0,1,0,toTown,2,0,0
65,0,0,0,0,1,toForest,1,0,0
65,1,0,0,0,1,toTown,3,0,0
65,2,0,1,1,0,toMarket,3,0,0
65,3,0,0,1,0,toTown,5,0,0
65,4,1,0,1,0,toCave,6,0,0
65,5,1,0,0,0,toTown,8,0,0
65,6,1,0,0,0,toTown,2,0,0
65,7,1,0,0,0,toTown,2,0,0
66,0,0,0,0,1,toForest,1,0,0
66,1,0,0,1,1,toTown,3,0,0
66,2,0,0,1,0,toTown,8,0,0
66,3,0,1,1,0,toMarket,8,0,0
66,4,0,1,1,0,toTown,5,0,0
66,5,1,0,0,1,toCave,6,0,0
66,6,1,0,0,0,toTown,7,0,0
66,7,1,0,0,0,toTown,2,0,0
66,8,1,0,0,0,toTown,2,0,0
66,9,1,0,0,0,toTown,2,0,0
66,10,1,0,1,0,toTown,2,0,0
67,0,0,0,0,1,toForest,1,0,0
67,1,0,0,0,1,toTown,3,0,0
67,2,0,1,1,1,toMarket,3,0,0
67,3,0,1,0,0,toTown,5,0,0
67,4,1,0,1,0,toCave,6,0,0
67,5,1,0,0,0,toTown,8,0,0
67,6,1,0,0,0,toTown,2,0,0
67,7,1,0,0,0,toTown,2,0,0
67,8,1,0,1,0,toTown,2,0,0
67,9,1,0,1,0,toTown,2,0,0
67,10,1,0,1,0,toTown,2,0,0
68,0,0,0,0,1,toForest,1,0,0
68,1,0,0,1,1,toTown,3,0,0
68,2,0,0,1,0,toTown,8,0,0
68,3,0,0,1,0,toMarket,8,0,0
68,4,0,0,1,0,toMarket,8,0,0
68,5,0,0,0,0,toMarket,8,0,0
68,6,0,1,1,0,toMarket,8,0,0
68,7,0,0,0,0,toTown,5,0,0
68,8,1,0,0,0,toCave,6,0,0
68,9,1,0,1,0,toTown,7,0,0
68,10,1,0,1,0,toTown,2,0,0
68,11,1,0,1,0,toTown,2,0,0
68,12,1,0,0,0,toTown,2,0,0
68,13,1,0,0,0,toTown,2,0,0
68,14,1,0,0,0,toTown,2,0,0
69,0,0,0,0,1,toForest,1,0,0
69,1,0,0,1,1,toTown,3,0,0
69,2,0,0,1,0,toTown,8,0,0
69,3,0,1,1,0,toMarket,8,0,0
69,4,0,1,1,0,toTown,5,0,0
69,5,1,0,0,0,toCave,6,0,0
69,6,1,0,0,0,toTown,7,0,0
69,7,1,0,0,0,toTown,2,0,0
69,8,1,0,0,0,toTown,2,0,0
69,9,1,0,0,0,toTown,2,0,0
70,0,0,0,0,1,toForest,1,0,0
70,1,0,0,1,1,toTown,3,0,0
70,2,0,1,1,0,toTown,8,0,0
70,3,0,0,1,0,toTown,5,0,0
70,4,1,0,1,0,toCave,6,0,0
70,5,1,0,1,1,toTown,8,0,0
70,6,1,0,0,1,toTown,2,0,0
70,7,1,0,0,0,toTown,2,0,0
70,8,1,0,0,0,toTown,2,0,0
70,9,1,0,0,0,toTown,2,0,0
70,10,1,0,0,0,toTown,2,0,0
70,11,1,0,0,0,toTown,2,0,0
70,12,1,0,0,0,toTown,2,0,0
70,13,1,0,1,0,toTown,2,0,0
70,14,1,0,1,0,toTown,2,0,0
71,0,0,0,0,1,toForest,1,0,0
71,1,0,0,1,0,toTown,3,0,0
71,2,0,0,1,0,toTown,8,0,0
71,3,0,0,0,0,toMarket,8,0,0
71,4,0,0,0,0,toMarket,8,0,0
71,5,0,0,0,0,toMarket,8,0,0
71,6,0,0,0,0,toMarket,8,0,0
71,7,0,1,1,0,toMarket,8,0,0
71,8,0,1,1,0,toTown,5,0,0
71,9,1,0,0,1,toCave,6,0,0
71,10,1,0,0,1,toTown,7,0,0
71,11,1,0,1,1,toTown,2,0,0
71,12,1,1,1,0,toTown,2,0,0
71,13,1,0,0,0,toTown,2,0,0
71,14,1,0,0,0,toTown,2,0,0
72,0,0,0,0,1,toForest,1,0,0
72,1,0,0,1,1,toTown,3,0,0
72,2,0,0,1,0,toTown,8,0,0
72,3,0,0,0,0,toMarket,8,0,0
72,4,0,1,1,0,toMarket,8,0,0
72,5,0,1,1,0,toTown,5,0,0
72,6,1,1,0,0,toCave,6,0,0
72,7,1,0,0,0,toTown,7,0,0
72,8,1,0,0,0,toTown,2,0,0
72,9,1,0,1,0,toTown,2,0,0
72,10,1,0,0,0,toTown,2,0,0
72,11,1,0,0,0,toTown,2,0,0
72,12,1,0,1,0,toTown,2,0,0
72,13,1,0,1,0,toTown,2,0,0
72,14,1,0,1,0,toTown,2,0,0
73,0,0,0,0,1,toForest,1,0,0
73,1,0,0,1,1,toTown,3,0,0
73,2,0,0,1,0,toTown,8,0,0
73,3,0,0,0,0,toMarket,8,0,0
73,4,0,1,1,0,toMarket,8,0,0
73,5,0,1,1,0,toTown,5,0,0
73,6,1,0,1,0,toCave,6,0,0
73,7,1,0,0,0,toTown,8,0,0
73,8,1,1,1,0,toTown,2,0,0
73,9,1,1,0,0,toTown,2,0,0
73,10,1,1,1,0,toTown,2,0,0
73,11,1,1,1,0,toTown,2,0,0
74,0,0,0,0,1,toForest,1,0,0
74,1,0,0,1,1,toTown,3,0,0
74,2,0,0,1,0,toTown,8,0,0
74,3,0,0,0,0,toMarket,8,0,0
74,4,0,0,0,1,toMarket,8,0,0
74,5,0,0,1,1,toMarket,8,0,0
74,6,0,0,0,0,toMarket,8,0,0
74,7,0,1,0,0,toMarket,8,0,0
74,8,0,0,0,0,toMarket,5,0,0
74,9,1,0,0,1,toCave,6,0,0
74,10,1,0,0,0,toTown,7,0,0
74,11,1,0,1,0,toTown,2,0,0
74,12,1,0,1,0,toTown,2,0,0
74,13,1,0,0,0,toTown,2,0,0
74,14,1,0,0,0,toTown,2,0,0
75,0,0,0,0,1,toForest,1,0,0
75,1,0,0,1,0,toTown,3,0,0
75,2,0,0,1,0,toTown,8,0,0
75,3,0,1,1,0,toMarket,8,0,0
75,4,0,1,1,0,toTown,5,0,0
75,5,1,0,0,1,toCave,6,0,0
75,6,1,0,0,0,toTown,7,0,0
75,7,1,0,0,0,toTown,2,0,0
75,8,1,0,0,0,toTown,2,0,0
75,9,1,0,1,0,toTown,2,0,0
75,10,1,0,1,0,toTown,2,0,0
75,11,1,0,0,0,toTown,2,0,0
75,12,1,0,0,0,toTown,2,0,0
75,13,1,0,1,0,toTown,2,0,0
75,14,1,0,1,0,toTown,2,0,0
